"","Tnr","Enr","Ba_Gr","BaGr","Bl","GK3_Rechts","GK3_Hoch","ba_anteil"
"1",18883,2,1,"BU",3,3552200,5686350,0.96875
"2",18947,3,1,"BU",3,3544350,5690350,0.862068951129913
"3",18948,1,5,"FI",3,3548200,5690200,0.777777791023254
"4",18948,2,2,"EI",3,3548200,5690350,0.772727251052856
"5",19011,3,2,"EI",3,3540350,5694350,0.818181812763214
"6",19012,1,1,"BU",3,3544200,5694200,1
"7",19012,2,1,"BU",3,3544200,5694350,0.965517222881317
"8",19012,4,1,"BU",3,3544350,5694200,0.966666638851166
"9",19013,1,7,"DGL",3,3548200,5694200,0.9375
"10",19013,2,7,"DGL",3,3548200,5694350,1
"11",19013,3,7,"DGL",3,3548350,5694350,1
"12",19013,4,7,"DGL",3,3548350,5694200,0.964285731315613
"13",19079,1,1,"BU",3,3552200,5698200,1
"14",19079,2,1,"BU",3,3552200,5698350,0.952380955219269
"15",19079,3,1,"BU",3,3552350,5698350,0.9375
"16",19079,4,1,"BU",3,3552350,5698200,1
"17",19083,1,1,"BU",3,3568200,5698200,0.928571403026581
"18",19083,2,1,"BU",3,3568200,5698350,0.969696998596191
"19",19146,1,1,"BU",3,3556200,5702200,0.769230782985687
"20",19146,3,1,"BU",3,3556350,5702350,0.839999973773956
"21",19149,4,1,"BU",3,3568350,5702200,0.764705896377563
"22",19151,1,1,"BU",3,3576200,5702200,0.903225779533386
"23",19212,2,5,"FI",3,3544200,5706350,0.823529422283173
"24",19220,1,5,"FI",3,3576200,5706200,1
"25",19221,2,1,"BU",3,3580200,5706350,0.928571403026581
"26",19221,3,1,"BU",3,3580350,5706350,0.972222208976746
"27",19282,2,1,"BU",3,3544200,5710350,0.827586233615875
"28",19282,3,1,"BU",3,3544350,5710350,0.785714268684387
"29",19283,3,5,"FI",3,3548350,5710350,0.921052634716034
"30",19283,4,5,"FI",3,3548350,5710200,1
"31",19285,1,1,"BU",3,3556200,5710200,0.823529422283173
"32",19285,3,1,"BU",3,3556350,5710350,0.793103456497192
"33",19285,4,1,"BU",3,3556350,5710200,0.794117629528046
"34",19288,3,1,"BU",3,3568350,5710350,0.833333313465118
"35",19289,3,1,"BU",3,3572350,5710350,0.904761910438538
"36",19294,2,5,"FI",3,3592200,5710350,1
"37",19356,1,1,"BU",3,3548200,5714200,1
"38",19356,2,5,"FI",3,3548200,5714350,1
"39",19356,4,1,"BU",3,3548350,5714200,1
"40",19357,3,1,"BU",3,3552350,5714350,1
"41",19362,1,1,"BU",3,3572200,5714200,0.97560977935791
"42",19366,2,1,"BU",3,3588200,5714350,0.800000011920929
"43",19366,3,1,"BU",3,3588350,5714350,1
"44",19431,3,5,"FI",3,3552350,5718350,0.947368443012238
"45",19431,4,5,"FI",3,3552350,5718200,1
"46",19435,1,1,"BU",3,3568200,5718200,0.947368443012238
"47",19435,2,1,"BU",3,3568200,5718350,0.833333313465118
"48",19435,3,1,"BU",3,3568350,5718350,0.759999990463257
"49",19441,1,1,"BU",3,3592200,5718200,0.756097555160522
"50",19441,2,1,"BU",3,3592200,5718350,0.911764681339264
"51",19441,3,1,"BU",3,3592350,5718350,0.783783793449402
"52",19441,4,1,"BU",3,3592350,5718200,0.964285731315613
"53",19508,1,5,"FI",3,3544200,5722200,1
"54",19508,3,1,"BU",3,3544350,5722350,1
"55",19508,4,7,"DGL",3,3544350,5722200,0.9375
"56",19510,2,5,"FI",3,3552200,5722350,1
"57",19514,1,1,"BU",3,3568200,5722200,0.839999973773956
"58",19514,2,1,"BU",3,3568200,5722350,1
"59",19514,3,1,"BU",3,3568350,5722350,0.777777791023254
"60",19514,4,5,"FI",3,3568350,5722200,0.809523820877075
"61",19515,1,5,"FI",3,3572200,5722200,1
"62",19515,2,5,"FI",3,3572200,5722350,1
"63",19515,4,5,"FI",3,3572350,5722200,0.923076927661896
"64",19518,1,8,"KI",3,3584200,5722200,0.928571403026581
"65",19518,4,5,"FI",3,3584350,5722200,0.885714292526245
"66",19520,4,5,"FI",3,3592350,5722200,1
"67",19523,2,1,"BU",3,3604009.872,5722356.362,0.951219499111176
"68",19523,3,5,"FI",3,3604159.745,5722362.518,1
"69",19524,4,5,"FI",3,3608062.66,5722372.706,1
"70",19525,1,1,"BU",3,3611909.537,5722530.721,0.871794879436493
"71",19525,2,1,"BU",3,3611903.38,5722680.601,0.975000023841858
"72",19585,1,5,"FI",3,3532200,5726200,0.809523820877075
"73",19585,4,5,"FI",3,3532350,5726200,0.945945918560028
"74",19586,2,1,"BU",3,3536200,5726350,0.923076927661896
"75",19586,4,1,"BU",3,3536350,5726200,0.821428596973419
"76",19590,2,5,"FI",3,3552200,5726350,0.972972989082336
"77",19590,3,1,"BU",3,3552350,5726350,0.935483872890472
"78",19591,1,1,"BU",3,3556200,5726200,0.962962985038757
"79",19591,3,1,"BU",3,3556350,5726350,0.896551728248596
"80",19593,3,1,"BU",3,3564350,5726350,1
"81",19595,1,1,"BU",3,3572200,5726200,0.903225779533386
"82",19601,1,1,"BU",3,3596200,5726200,1
"83",19601,2,1,"BU",3,3596200,5726350,1
"84",19601,3,1,"BU",3,3596350,5726350,1
"85",19601,4,1,"BU",3,3596350,5726200,1
"86",19602,1,1,"BU",3,3600200,5726200,1
"87",19602,3,5,"FI",3,3600350,5726350,0.842105269432068
"88",19602,4,1,"BU",3,3600350,5726200,1
"89",19603,1,1,"BU",3,3603951.739,5726207.224,0.899999976158142
"90",19603,2,1,"BU",3,3603945.58,5726357.098,1
"91",19604,1,5,"FI",3,3607748.574,5726363.26,0.800000011920929
"92",19604,2,5,"FI",3,3607742.415,5726513.136,1
"93",19604,3,5,"FI",3,3607892.291,5726519.296,1
"94",19604,4,5,"FI",3,3607898.451,5726369.419,1
"95",19605,1,5,"FI",3,3611745.322,5726527.513,1
"96",19665,1,1,"BU",3,3528200,5730200,0.916666686534882
"97",19665,2,1,"BU",3,3528200,5730350,0.857142865657806
"98",19665,3,1,"BU",3,3528350,5730350,0.869565188884735
"99",19667,1,5,"FI",3,3536200,5730200,0.857142865657806
"100",19667,2,5,"FI",3,3536200,5730350,0.866666674613953
"101",19667,3,1,"BU",3,3536350,5730350,0.935483872890472
"102",19667,4,5,"FI",3,3536350,5730200,1
"103",19668,1,1,"BU",3,3540200,5730200,0.759999990463257
"104",19668,2,1,"BU",3,3540200,5730350,1
"105",19668,3,1,"BU",3,3540350,5730350,1
"106",19669,1,1,"BU",3,3544200,5730200,1
"107",19669,2,1,"BU",3,3544200,5730350,0.923076927661896
"108",19669,4,1,"BU",3,3544350,5730200,1
"109",19670,1,5,"FI",3,3548200,5730200,1
"110",19670,2,5,"FI",3,3548200,5730350,1
"111",19670,3,5,"FI",3,3548350,5730350,1
"112",19670,4,5,"FI",3,3548350,5730200,1
"113",19671,1,5,"FI",3,3552200,5730200,1
"114",19671,2,5,"FI",3,3552200,5730350,1
"115",19671,3,5,"FI",3,3552350,5730350,0.761904776096344
"116",19671,4,5,"FI",3,3552350,5730200,0.972972989082336
"117",19679,3,5,"FI",3,3584350,5730350,0.777777791023254
"118",19681,1,1,"BU",3,3592200,5730200,0.9375
"119",19681,3,1,"BU",3,3592350,5730350,1
"120",19681,4,1,"BU",3,3592350,5730200,0.916666686534882
"121",19682,1,5,"FI",3,3596200,5730200,0.863636374473572
"122",19682,3,5,"FI",3,3596350,5730350,1
"123",19683,1,5,"FI",3,3600200,5730200,1
"124",19683,2,5,"FI",3,3600200,5730350,0.969696998596191
"125",19683,3,5,"FI",3,3600350,5730350,0.974358975887299
"126",19683,4,5,"FI",3,3600350,5730200,1
"127",19684,1,5,"FI",3,3603887.369,5730207.96,1
"128",19684,2,5,"FI",3,3603881.206,5730357.834,1
"129",19684,3,5,"FI",3,3604031.08,5730363.996,0.966666638851166
"130",19685,1,5,"FI",3,3607584.283,5730359.965,0.868421077728271
"131",19685,2,1,"BU",3,3607578.121,5730509.841,0.800000011920929
"132",19685,4,1,"BU",3,3607734.16,5730366.127,1
"133",19686,1,5,"FI",3,3611581.026,5730524.299,1
"134",19686,2,5,"FI",3,3611574.864,5730674.178,1
"135",19686,3,5,"FI",3,3611724.743,5730680.341,1
"136",19686,4,5,"FI",3,3611730.906,5730530.461,1
"137",19748,3,5,"FI",3,3532350,5734350,0.95652174949646
"138",19751,1,1,"BU",3,3544200,5734200,1
"139",19751,2,5,"FI",3,3544200,5734350,1
"140",19751,3,1,"BU",3,3544350,5734350,0.875
"141",19752,3,1,"BU",3,3548350,5734350,0.967741906642914
"142",19752,4,1,"BU",3,3548350,5734200,1
"143",19754,3,1,"BU",3,3556350,5734350,0.866666674613953
"144",19755,1,1,"BU",3,3560200,5734200,0.962962985038757
"145",19755,2,1,"BU",3,3560200,5734350,0.909090936183929
"146",19759,2,5,"FI",3,3576200,5734350,0.800000011920929
"147",19759,3,5,"FI",3,3576350,5734350,1
"148",19759,4,5,"FI",3,3576350,5734200,0.961538434028625
"149",19762,1,5,"FI",3,3588200,5734200,1
"150",19762,2,1,"BU",3,3588200,5734350,0.899999976158142
"151",19762,4,5,"FI",3,3588350,5734200,1
"152",19763,1,5,"FI",3,3592200,5734200,0.857142865657806
"153",19763,2,5,"FI",3,3592200,5734350,1
"154",19763,3,5,"FI",3,3592350,5734350,1
"155",19763,4,5,"FI",3,3592350,5734200,1
"156",19764,1,5,"FI",3,3596200,5734200,1
"157",19764,3,5,"FI",3,3596350,5734350,1
"158",19764,4,5,"FI",3,3596350,5734200,1
"159",19765,1,5,"FI",3,3600200,5734200,0.967741906642914
"160",19765,2,5,"FI",3,3600200,5734350,1
"161",19765,3,5,"FI",3,3600350,5734350,1
"162",19765,4,5,"FI",3,3600350,5734200,0.964285731315613
"163",19766,1,5,"FI",3,3603822.917,5734208.695,1
"164",19766,2,5,"FI",3,3603816.751,5734358.568,1
"165",19766,3,5,"FI",3,3603966.625,5734364.734,1
"166",19766,4,5,"FI",3,3603972.79,5734214.86,1
"167",19767,1,5,"FI",3,3607419.911,5734356.664,1
"168",19767,2,5,"FI",3,3607413.746,5734506.541,1
"169",19767,3,5,"FI",3,3607563.622,5734512.706,0.933333337306976
"170",19767,4,5,"FI",3,3607569.787,5734362.83,0.882352948188782
"171",19768,2,5,"FI",3,3611410.483,5734670.959,1
"172",19768,3,5,"FI",3,3611560.363,5734677.125,1
"173",19768,4,5,"FI",3,3611566.528,5734527.245,1
"174",19829,3,5,"FI",3,3532350,5738350,1
"175",19829,4,5,"FI",3,3532350,5738200,1
"176",19830,1,5,"FI",3,3536200,5738200,1
"177",19830,4,5,"FI",3,3536350,5738200,1
"178",19831,1,5,"FI",3,3540200,5738200,1
"179",19831,2,5,"FI",3,3540200,5738350,1
"180",19831,3,5,"FI",3,3540350,5738350,1
"181",19831,4,5,"FI",3,3540350,5738200,0.952380955219269
"182",19832,1,5,"FI",3,3544200,5738200,0.785714268684387
"183",19832,3,5,"FI",3,3544350,5738350,0.97826087474823
"184",19843,1,5,"FI",3,3588200,5738200,0.916666686534882
"185",19843,2,5,"FI",3,3588200,5738350,1
"186",19843,3,5,"FI",3,3588350,5738350,1
"187",19843,4,5,"FI",3,3588350,5738200,1
"188",19844,1,5,"FI",3,3592200,5738200,1
"189",19844,3,5,"FI",3,3592350,5738350,1
"190",19845,2,5,"FI",3,3596200,5738350,0.883720934391022
"191",19845,3,5,"FI",3,3596350,5738350,0.903225779533386
"192",19845,4,5,"FI",3,3596350,5738200,0.777777791023254
"193",19846,1,5,"FI",3,3600200,5738200,1
"194",19846,2,5,"FI",3,3600200,5738350,1
"195",19846,3,5,"FI",3,3600350,5738350,1
"196",19846,4,5,"FI",3,3600350,5738200,1
"197",19847,1,5,"FI",3,3603758.383,5738209.429,1
"198",19847,2,5,"FI",3,3603752.215,5738359.302,1
"199",19847,3,5,"FI",3,3603902.088,5738365.471,1
"200",19847,4,5,"FI",3,3603908.257,5738215.597,1
"201",19848,1,5,"FI",3,3607255.458,5738353.359,1
"202",19848,2,5,"FI",3,3607249.289,5738503.235,1
"203",19848,3,5,"FI",3,3607399.165,5738509.404,1
"204",19848,4,5,"FI",3,3607405.334,5738359.528,1
"205",19910,2,1,"BU",3,3536200,5742350,0.769230782985687
"206",19910,3,1,"BU",3,3536350,5742350,0.970588207244873
"207",19911,1,5,"FI",3,3540200,5742200,1
"208",19911,2,5,"FI",3,3540200,5742350,1
"209",19911,3,2,"EI",3,3540350,5742350,0.892857134342194
"210",19911,4,5,"FI",3,3540350,5742200,1
"211",19912,3,5,"FI",3,3544350,5742350,1
"212",19912,4,5,"FI",3,3544350,5742200,1
"213",19917,4,5,"FI",3,3564350,5742200,1
"214",19918,2,5,"FI",3,3568200,5742350,1
"215",19918,3,5,"FI",3,3568350,5742350,0.973684191703796
"216",19919,2,1,"BU",3,3572200,5742350,1
"217",19919,3,1,"BU",3,3572350,5742350,1
"218",19919,4,1,"BU",3,3572350,5742200,0.772727251052856
"219",19921,2,1,"BU",3,3580200,5742350,0.761904776096344
"220",19923,1,5,"FI",3,3588200,5742200,1
"221",19923,2,5,"FI",3,3588200,5742350,0.945945918560028
"222",19923,3,5,"FI",3,3588350,5742350,0.891891896724701
"223",19923,4,5,"FI",3,3588350,5742200,0.971428573131561
"224",19925,1,5,"FI",3,3596200,5742200,1
"225",19925,2,5,"FI",3,3596200,5742350,1
"226",19925,3,5,"FI",3,3596350,5742350,0.961538434028625
"227",19925,4,5,"FI",3,3596350,5742200,1
"228",19927,1,5,"FI",3,3603593.853,5742206.048,0.973684191703796
"229",19927,3,5,"FI",3,3603737.555,5742362.092,1
"230",19928,1,5,"FI",3,3607090.923,5742350.049,1
"231",19928,2,5,"FI",3,3607084.752,5742499.924,1
"232",19928,3,5,"FI",3,3607234.628,5742506.096,1
"233",19928,4,5,"FI",3,3607240.799,5742356.22,1
"234",19989,1,1,"BU",3,3544200,5746200,1
"235",19989,2,1,"BU",3,3544200,5746350,1
"236",19989,3,1,"BU",3,3544350,5746350,0.810810804367065
"237",19989,4,1,"BU",3,3544350,5746200,0.90625
"238",19990,1,1,"BU",3,3548200,5746200,0.818181812763214
"239",19994,2,1,"BU",3,3564200,5746350,0.809523820877075
"240",19994,3,1,"BU",3,3564350,5746350,0.833333313465118
"241",19994,4,1,"BU",3,3564350,5746200,0.789473712444305
"242",19995,4,1,"BU",3,3568350,5746200,0.941176474094391
"243",19996,1,1,"BU",3,3572200,5746200,1
"244",19996,2,1,"BU",3,3572200,5746350,1
"245",19999,1,5,"FI",3,3584200,5746200,1
"246",19999,2,5,"FI",3,3584200,5746350,0.972222208976746
"247",19999,3,5,"FI",3,3584350,5746350,1
"248",19999,4,5,"FI",3,3584350,5746200,1
"249",20000,1,5,"FI",3,3588200,5746200,1
"250",20000,4,5,"FI",3,3588350,5746200,1
"251",20001,1,5,"FI",3,3592200,5746200,1
"252",20001,2,5,"FI",3,3592200,5746350,1
"253",20001,3,5,"FI",3,3592350,5746350,1
"254",20001,4,5,"FI",3,3592350,5746200,1
"255",20002,1,5,"FI",3,3596200,5746200,1
"256",20002,2,5,"FI",3,3596200,5746350,1
"257",20002,3,5,"FI",3,3596350,5746350,1
"258",20002,4,5,"FI",3,3596350,5746200,1
"259",20004,1,5,"FI",3,3603529.158,5746206.777,1
"260",20004,3,5,"FI",3,3603672.856,5746362.825,1
"261",20004,4,5,"FI",3,3603679.031,5746212.952,1
"262",20005,1,5,"FI",3,3606926.308,5746346.733,1
"263",20005,2,5,"FI",3,3606920.133,5746496.609,0.973684191703796
"264",20005,3,5,"FI",3,3607070.009,5746502.784,1
"265",20005,4,5,"FI",3,3607076.184,5746352.908,1
"266",20055,2,1,"BU",3,3524200,5750350,0.809523820877075
"267",20055,3,1,"BU",3,3524350,5750350,1
"268",20055,4,1,"BU",3,3524350,5750200,0.833333313465118
"269",20057,2,1,"BU",3,3532200,5750350,1
"270",20057,3,1,"BU",3,3532350,5750350,1
"271",20057,4,1,"BU",3,3532350,5750200,1
"272",20058,1,9,"LAE",3,3536200,5750200,0.857142865657806
"273",20060,3,8,"KI",3,3544350,5750350,1
"274",20060,4,8,"KI",3,3544350,5750200,0.961538434028625
"275",20061,3,1,"BU",3,3548350,5750350,0.857142865657806
"276",20061,4,1,"BU",3,3548350,5750200,0.916666686534882
"277",20070,2,1,"BU",3,3584200,5750350,1
"278",20072,1,5,"FI",3,3592200,5750200,1
"279",20072,3,5,"FI",3,3592350,5750350,1
"280",20072,4,5,"FI",3,3592350,5750200,1
"281",20073,2,5,"FI",3,3596200,5750350,1
"282",20073,3,5,"FI",3,3596350,5750350,1
"283",20074,1,5,"FI",3,3600200,5750200,1
"284",20074,4,5,"FI",3,3600350,5750200,1
"285",20075,1,5,"FI",3,3603464.38,5750207.506,1
"286",20075,2,5,"FI",3,3603458.203,5750357.379,1
"287",20075,3,1,"BU",3,3603608.076,5750363.557,0.888888895511627
"288",20077,1,1,"BU",3,3610758.329,5750508.152,1
"289",20077,2,1,"BU",3,3610752.151,5750658.031,1
"290",20077,3,5,"FI",3,3610902.029,5750664.209,0.767441868782043
"291",20121,3,1,"BU",3,3520350,5754350,0.833333313465118
"292",20125,2,1,"BU",3,3536200,5754350,0.935483872890472
"293",20126,1,1,"BU",3,3540200,5754200,0.96875
"294",20126,2,1,"BU",3,3540200,5754350,1
"295",20126,3,1,"BU",3,3540350,5754350,1
"296",20127,1,5,"FI",3,3544200,5754200,0.785714268684387
"297",20127,4,5,"FI",3,3544350,5754200,1
"298",20128,3,1,"BU",3,3548350,5754350,0.789473712444305
"299",20129,1,1,"BU",3,3552200,5754200,1
"300",20129,4,1,"BU",3,3552350,5754200,0.892857134342194
"301",20130,1,1,"BU",3,3556200,5754200,1
"302",20130,2,5,"FI",3,3556200,5754350,1
"303",20130,3,5,"FI",3,3556350,5754350,1
"304",20130,4,5,"FI",3,3556350,5754200,1
"305",20131,1,1,"BU",3,3560200,5754200,0.769230782985687
"306",20132,3,1,"BU",3,3564350,5754350,0.777777791023254
"307",20137,1,1,"BU",3,3584200,5754200,1
"308",20137,4,5,"FI",3,3584350,5754200,0.875
"309",20138,2,5,"FI",3,3588200,5754350,0.92592591047287
"310",20140,1,5,"FI",3,3596200,5754200,0.961538434028625
"311",20140,2,5,"FI",3,3596200,5754350,1
"312",20140,3,5,"FI",3,3596350,5754350,0.777777791023254
"313",20193,3,8,"KI",3,3540350,5758350,0.783783793449402
"314",20194,2,1,"BU",3,3544200,5758350,0.785714268684387
"315",20195,1,5,"FI",3,3548200,5758200,1
"316",20195,3,5,"FI",3,3548350,5758350,1
"317",20196,1,5,"FI",3,3552200,5758200,0.870967745780945
"318",20196,2,1,"BU",3,3552200,5758350,0.818181812763214
"319",20198,1,5,"FI",3,3560200,5758200,0.883720934391022
"320",20199,1,1,"BU",3,3564200,5758200,0.800000011920929
"321",20199,2,1,"BU",3,3564200,5758350,0.888888895511627
"322",20199,3,1,"BU",3,3564350,5758350,0.869565188884735
"323",20199,4,1,"BU",3,3564350,5758200,0.931034505367279
"324",20201,1,1,"BU",3,3572200,5758200,0.878787875175476
"325",20201,2,1,"BU",3,3572200,5758350,0.857142865657806
"326",20201,3,1,"BU",3,3572350,5758350,0.800000011920929
"327",20202,1,5,"FI",3,3576200,5758200,0.888888895511627
"328",20202,3,1,"BU",3,3576350,5758350,1
"329",20254,1,1,"BU",3,3520200,5762200,1
"330",20254,2,1,"BU",3,3520200,5762350,0.959999978542328
"331",20254,3,1,"BU",3,3520350,5762350,1
"332",20254,4,1,"BU",3,3520350,5762200,0.782608687877655
"333",20256,2,1,"BU",3,3528200,5762350,0.862068951129913
"334",20256,3,1,"BU",3,3528350,5762350,0.761904776096344
"335",20258,2,1,"BU",3,3536200,5762350,0.944444417953491
"336",20258,4,1,"BU",3,3536350,5762200,1
"337",20266,2,1,"BU",3,3568200,5762350,0.888888895511627
"338",20266,3,1,"BU",3,3568350,5762350,0.923076927661896
"339",20267,1,1,"BU",3,3572200,5762200,1
"340",20267,2,1,"BU",3,3572200,5762350,1
"341",20267,3,1,"BU",3,3572350,5762350,0.800000011920929
"342",20267,4,1,"BU",3,3572350,5762200,1
"343",20320,1,1,"BU",3,3520200,5766200,0.92592591047287
"344",20325,2,1,"BU",3,3540200,5766350,0.769230782985687
"345",20325,4,1,"BU",3,3540350,5766200,0.959999978542328
"346",20327,1,1,"BU",3,3548200,5766200,1
"347",20327,2,1,"BU",3,3548200,5766350,1
"348",20327,3,1,"BU",3,3548350,5766350,0.857142865657806
"349",20329,2,1,"BU",3,3556200,5766350,1
"350",20329,3,1,"BU",3,3556350,5766350,0.89473682641983
"351",20330,1,1,"BU",3,3560200,5766200,1
"352",20330,2,1,"BU",3,3560200,5766350,1
"353",20330,4,1,"BU",3,3560350,5766200,0.875
"354",20336,1,1,"BU",3,3584200,5766200,1
"355",20336,2,1,"BU",3,3584200,5766350,1
"356",20336,3,1,"BU",3,3584350,5766350,1
"357",20336,4,1,"BU",3,3584350,5766200,0.888888895511627
"358",20338,4,8,"KI",3,3592350,5766200,0.944444417953491
"359",20390,2,1,"BU",3,3532200,5770350,0.857142865657806
"360",20390,3,2,"EI",3,3532350,5770350,0.769230782985687
"361",20390,4,1,"BU",3,3532350,5770200,1
"362",20398,2,5,"FI",3,3564200,5770350,0.800000011920929
"363",20400,1,5,"FI",3,3572200,5770200,0.944444417953491
"364",20400,4,5,"FI",3,3572350,5770200,1
"365",20440,4,1,"BU",3,3444350,5774200,0.953488349914551
"366",20457,1,5,"FI",3,3512200,5774200,0.971428573131561
"367",20457,3,5,"FI",3,3512350,5774350,1
"368",20457,4,1,"BU",3,3512350,5774200,1
"369",20463,1,1,"BU",3,3536200,5774200,0.970588207244873
"370",20463,4,1,"BU",3,3536350,5774200,0.810810804367065
"371",20469,1,5,"FI",3,3560200,5774200,1
"372",20469,2,5,"FI",3,3560200,5774350,0.914285719394684
"373",20469,3,5,"FI",3,3560350,5774350,0.952380955219269
"374",20472,3,2,"EI",3,3572350,5774350,0.875
"375",20509,2,5,"FI",3,3444200,5778350,0.888888895511627
"376",20509,3,5,"FI",3,3444350,5778350,0.928571403026581
"377",20509,4,1,"BU",3,3444350,5778200,1
"378",20510,1,5,"FI",3,3448200,5778200,0.944444417953491
"379",20510,2,5,"FI",3,3448200,5778350,1
"380",20529,2,5,"FI",3,3524200,5778350,0.785714268684387
"381",20534,1,1,"BU",3,3544200,5778200,0.800000011920929
"382",20537,1,1,"BU",3,3556200,5778200,0.914285719394684
"383",20537,2,1,"BU",3,3556200,5778350,1
"384",20551,1,1,"BU",3,3613599.917,5778650.642,1
"385",20551,2,1,"BU",3,3613593.717,5778800.522,1
"386",20551,3,1,"BU",3,3613743.597,5778806.721,0.800000011920929
"387",20581,1,1,"BU",3,3452200,5782200,0.864864885807037
"388",20583,1,1,"BU",3,3460200,5782200,1
"389",20583,4,5,"FI",3,3460350,5782200,0.777777791023254
"390",20600,1,5,"FI",3,3528200,5782200,0.857142865657806
"391",20600,3,1,"BU",3,3528350,5782350,1
"392",20600,4,5,"FI",3,3528350,5782200,1
"393",20606,2,1,"BU",3,3552200,5782350,0.947368443012238
"394",20606,4,2,"EI",3,3552350,5782200,0.846153855323792
"395",20624,2,1,"BU",3,3625419.115,5783293.532,0.9375
"396",20624,4,9,"LAE",3,3625575.207,5783149.846,0.909090936183929
"397",20625,1,1,"BU",3,3629422.397,5783309.055,1
"398",20625,2,1,"BU",3,3629416.194,5783458.947,1
"399",20625,4,1,"BU",3,3629572.289,5783315.258,0.875
"400",20644,3,1,"BU",3,3428350,5786350,0.959999978542328
"401",20665,1,1,"BU",3,3512200,5786200,0.806451618671417
"402",20665,4,1,"BU",3,3512350,5786200,0.947368443012238
"403",20668,1,5,"FI",3,3524200,5786200,0.96875
"404",20668,2,1,"BU",3,3524200,5786350,1
"405",20668,4,1,"BU",3,3524350,5786200,1
"406",20671,1,1,"BU",3,3536200,5786200,0.833333313465118
"407",20671,2,1,"BU",3,3536200,5786350,1
"408",20671,3,1,"BU",3,3536350,5786350,1
"409",20671,4,1,"BU",3,3536350,5786200,0.9375
"410",20692,2,1,"BU",3,3621256.67,5787125.079,0.791666686534882
"411",20695,1,1,"BU",3,3633254.096,5787471.668,0.875
"412",20695,2,1,"BU",3,3633247.89,5787621.563,0.84375
"413",20695,3,5,"FI",3,3633397.785,5787627.769,0.942857146263123
"414",20731,1,5,"FI",3,3508200,5790200,0.911764681339264
"415",20731,4,5,"FI",3,3508350,5790200,1
"416",20736,2,1,"BU",3,3528200,5790350,0.806451618671417
"417",20737,1,1,"BU",3,3532200,5790200,1
"418",20737,2,1,"BU",3,3532200,5790350,1
"419",20737,3,1,"BU",3,3532350,5790350,1
"420",20737,4,1,"BU",3,3532350,5790200,1
"421",20738,1,5,"FI",3,3536200,5790200,1
"422",20739,2,5,"FI",3,3540200,5790350,0.861111104488373
"423",20739,3,2,"EI",3,3540350,5790350,1
"424",20759,1,1,"BU",3,3621097.352,5790972.143,0.899999976158142
"425",20759,2,1,"BU",3,3621091.143,5791122.029,0.967741906642914
"426",20759,4,1,"BU",3,3621247.238,5790978.352,0.958333313465118
"427",20785,1,1,"BU",3,3452200,5794200,0.904761910438538
"428",20786,1,2,"EI",3,3456200,5794200,0.764705896377563
"429",20800,4,5,"FI",3,3512350,5794200,0.972222208976746
"430",20801,2,1,"BU",3,3516200,5794350,1
"431",20804,1,1,"BU",3,3528200,5794200,0.904761910438538
"432",20804,3,1,"BU",3,3528350,5794350,1
"433",20804,4,1,"BU",3,3528350,5794200,0.761904776096344
"434",20805,3,5,"FI",3,3532350,5794350,0.857142865657806
"435",20827,1,8,"KI",3,3620931.748,5794969.088,1
"436",20827,3,8,"KI",3,3621075.422,5795125.185,0.882352948188782
"437",20827,4,8,"KI",3,3621081.633,5794975.3,1
"438",20829,3,2,"EI",3,3629069.472,5795456.491,0.785714268684387
"439",20831,4,8,"KI",3,3637070.056,5795637.921,0.807692289352417
"440",20835,3,2,"EI",3,3375792.763,5799258.855,1
"441",20837,1,8,"KI",3,3383630.518,5798783.734,1
"442",20837,2,8,"KI",3,3383636.733,5798933.616,0.899999976158142
"443",20837,3,8,"KI",3,3383786.615,5798927.402,0.909090936183929
"444",20837,4,8,"KI",3,3383780.4,5798777.52,1
"445",20850,2,5,"FI",3,3436200,5798350,0.875
"446",20852,1,5,"FI",3,3444200,5798200,0.944444417953491
"447",20852,2,5,"FI",3,3444200,5798350,0.826086938381195
"448",20852,3,9,"LAE",3,3444350,5798350,0.838709652423859
"449",20852,4,5,"FI",3,3444350,5798200,0.970588207244873
"450",20853,2,1,"BU",3,3448200,5798350,1
"451",20853,3,1,"BU",3,3448350,5798350,0.944444417953491
"452",20853,4,1,"BU",3,3448350,5798200,0.971428573131561
"453",20867,3,2,"EI",3,3504350,5798350,0.846153855323792
"454",20873,2,2,"EI",3,3528200,5798350,0.764705896377563
"455",20876,1,1,"BU",3,3540200,5798200,0.857142865657806
"456",20876,3,1,"BU",3,3540350,5798350,0.916666686534882
"457",20881,4,1,"BU",3,3560350,5798200,0.822222232818604
"458",20894,2,8,"KI",3,3612766.136,5798784.469,0.857142865657806
"459",20899,2,2,"EI",3,3632751.02,5799613.119,1
"460",20903,2,8,"KI",3,3381721.171,5801014.921,0.899999976158142
"461",20908,1,9,"LAE",3,3379799.393,5802946.382,0.75862067937851
"462",20924,2,1,"BU",3,3444200,5802350,0.962962985038757
"463",20924,4,5,"FI",3,3444350,5802200,1
"464",20963,3,2,"EI",3,3600350,5802350,0.872413776442409
"465",20967,1,2,"EI",3,3616603.408,5802797.16,0.857142865657806
"466",20969,2,9,"LAE",3,3624591.053,5803278.657,0.967741906642914
"467",20969,3,9,"LAE",3,3624740.941,5803284.875,0.928571403026581
"468",20969,4,2,"EI",3,3624747.159,5803134.987,1
"469",20970,3,2,"EI",3,3628737.996,5803450.691,0.838709652423859
"470",20990,3,2,"EI",3,3384118.218,5806921.082,0.77142858505249
"471",21002,3,5,"FI",3,3432350,5806350,0.77142858505249
"472",21004,4,1,"BU",3,3440350,5806200,0.846153855323792
"473",21022,4,1,"BU",3,3512350,5806200,0.931034505367279
"474",21024,1,2,"EI",3,3520200,5806200,0.800000011920929
"475",21024,2,5,"FI",3,3520200,5806350,0.875
"476",21024,3,2,"EI",3,3520350,5806350,0.879999995231628
"477",21024,4,2,"EI",3,3520350,5806200,0.833333313465118
"478",21028,2,2,"EI",3,3536200,5806350,0.818181812763214
"479",21035,2,8,"KI",3,3564200,5806350,0.875
"480",21048,4,1,"BU",3,3616587.45,5806800.23,0.800000011920929
"481",21049,1,9,"LAE",3,3620434.455,5806959.891,1
"482",21049,2,9,"LAE",3,3620428.234,5807109.776,1
"483",21049,3,9,"LAE",3,3620578.119,5807115.997,1
"484",21049,4,2,"EI",3,3620584.34,5806966.112,0.933333337306976
"485",21056,1,8,"KI",3,3374052.726,5809190.654,1
"486",21057,1,8,"KI",3,3378049.722,5809024.724,1
"487",21057,3,8,"KI",3,3378205.83,5809168.388,1
"488",21079,1,2,"EI",3,3558200,5808200,1
"489",21080,2,8,"KI",3,3562200,5808350,1
"490",21085,4,8,"KI",3,3384277.916,5810768.034,1
"491",21086,3,8,"KI",3,3388280.929,5810751.956,1
"492",21086,4,8,"KI",3,3388274.706,5810602.078,0.895833313465118
"493",21088,3,8,"KI",3,3396274.27,5810420.053,1
"494",21088,4,8,"KI",3,3396268.047,5810270.181,0.949999988079071
"495",21096,3,5,"FI",3,3428350,5810350,0.947368443012238
"496",21119,1,1,"BU",3,3520200,5810200,0.821428596973419
"497",21119,2,1,"BU",3,3520200,5810350,0.882352948188782
"498",21119,3,1,"BU",3,3520350,5810350,0.931034505367279
"499",21119,4,1,"BU",3,3520350,5810200,1
"500",21121,3,2,"EI",3,3528350,5810350,1
"501",21123,2,8,"KI",3,3536200,5810350,0.952380955219269
"502",21123,3,8,"KI",3,3536350,5810350,0.909090936183929
"503",21123,4,8,"KI",3,3536350,5810200,0.857142865657806
"504",21130,1,8,"KI",3,3564200,5810200,0.77142858505249
"505",21130,2,8,"KI",3,3564200,5810350,0.761904776096344
"506",21130,3,8,"KI",3,3564350,5810350,0.821428596973419
"507",21130,4,8,"KI",3,3564350,5810200,0.764705896377563
"508",21132,2,2,"EI",3,3572200,5810350,0.920000016689301
"509",21133,1,8,"KI",3,3576200,5810200,0.800000011920929
"510",21133,2,8,"KI",3,3576200,5810350,1
"511",21133,3,2,"EI",3,3576350,5810350,0.8125
"512",21135,2,5,"FI",3,3584200,5810350,0.769230782985687
"513",21137,3,8,"KI",3,3592350,5810350,0.923076927661896
"514",21157,1,8,"KI",3,3374218.698,5813187.687,1
"515",21157,2,8,"KI",3,3374224.923,5813337.575,0.774999976158142
"516",21157,3,8,"KI",3,3374374.812,5813331.35,1
"517",21158,2,9,"LAE",3,3378221.914,5813171.563,0.958333313465118
"518",21161,1,8,"KI",3,3390206.18,5812523.681,1
"519",21161,2,8,"KI",3,3390212.405,5812673.558,0.839999973773956
"520",21161,3,8,"KI",3,3390362.281,5812667.333,0.90625
"521",21164,4,2,"EI",3,3402350,5812200,0.806451618671417
"522",21181,3,1,"BU",3,3534350,5812350,1
"523",21191,1,7,"DGL",3,3364308.895,5815601.348,0.92592591047287
"524",21195,4,9,"LAE",3,3380447.05,5814930.903,1
"525",21196,2,2,"EI",3,3384300.26,5814920.969,0.914285719394684
"526",21196,3,2,"EI",3,3384450.141,5814914.742,0.949999988079071
"527",21236,1,2,"EI",3,3544200,5814200,1
"528",21241,4,2,"EI",3,3564350,5814200,0.78125
"529",21243,3,8,"KI",3,3572350,5814350,1
"530",21243,4,8,"KI",3,3572350,5814200,0.800000011920929
"531",21247,1,8,"KI",3,3588200,5814200,1
"532",21247,4,8,"KI",3,3588350,5814200,1
"533",21249,3,8,"KI",3,3596350,5814350,0.933333337306976
"534",21249,4,8,"KI",3,3596350,5814200,1
"535",21250,1,8,"KI",3,3600200,5814200,0.941176474094391
"536",21250,2,8,"KI",3,3600200,5814350,1
"537",21250,3,8,"KI",3,3600350,5814350,1
"538",21251,1,8,"KI",3,3604115.501,5814289.597,0.814814805984497
"539",21251,2,8,"KI",3,3604109.275,5814439.47,0.904761910438538
"540",21253,2,8,"KI",3,3612102.627,5814771.533,0.96875
"541",21254,1,2,"EI",3,3616105.65,5814787.692,0.944444417953491
"542",21255,4,2,"EI",3,3620252.41,5814959.96,1
"543",21257,4,5,"FI",3,3628246.407,5815292.06,0.884615361690521
"544",21273,1,5,"FI",3,3382378.64,5816852.541,0.966666638851166
"545",21273,2,8,"KI",3,3382384.868,5817002.424,1
"546",21273,4,5,"FI",3,3382528.523,5816846.313,0.857142865657806
"547",21274,1,8,"KI",3,3386375.466,5816686.462,0.972222208976746
"548",21274,2,8,"KI",3,3386381.693,5816836.342,0.933333337306976
"549",21274,3,8,"KI",3,3386531.573,5816830.114,1
"550",21274,4,8,"KI",3,3386525.345,5816680.235,1
"551",21275,2,5,"FI",3,3390378.439,5816670.265,0.909090936183929
"552",21283,3,5,"FI",3,3422350,5816350,0.757575750350952
"553",21284,2,9,"LAE",3,3426200,5816350,0.807692289352417
"554",21295,1,8,"KI",3,3486200,5816200,1
"555",21301,1,8,"KI",3,3518200,5816200,1
"556",21301,3,8,"KI",3,3518350,5816350,1
"557",21301,4,8,"KI",3,3518350,5816200,0.846153855323792
"558",21306,1,8,"KI",3,3538200,5816200,0.928571403026581
"559",21315,1,9,"LAE",3,3352482.976,5820097.034,1
"560",21315,2,9,"LAE",3,3352489.207,5820246.939,0.923076927661896
"561",21320,3,8,"KI",3,3372625.405,5819409.952,0.920000016689301
"562",21323,2,2,"EI",3,3384466.342,5818917.794,0.757575750350952
"563",21323,3,2,"EI",3,3384616.222,5818911.564,0.949999988079071
"564",21324,1,8,"KI",3,3388456.895,5818601.797,0.882352948188782
"565",21324,2,8,"KI",3,3388463.124,5818751.675,0.793103456497192
"566",21326,1,2,"EI",3,3396450.221,5818269.581,0.8125
"567",21333,2,7,"DGL",3,3424200,5818350,0.974358975887299
"568",21333,3,7,"DGL",3,3424350,5818350,1
"569",21356,1,8,"KI",3,3516200,5818200,0.923076927661896
"570",21356,2,8,"KI",3,3516200,5818350,1
"571",21356,3,8,"KI",3,3516350,5818350,1
"572",21359,2,8,"KI",3,3528200,5818350,1
"573",21359,3,8,"KI",3,3528350,5818350,1
"574",21362,1,8,"KI",3,3540200,5818200,1
"575",21362,2,8,"KI",3,3540200,5818350,1
"576",21363,1,2,"EI",3,3544200,5818200,0.777777791023254
"577",21376,1,8,"KI",3,3596200,5818200,1
"578",21376,2,8,"KI",3,3596200,5818350,0.857142865657806
"579",21376,4,8,"KI",3,3596350,5818200,1
"580",21381,4,2,"EI",3,3616089.452,5818790.755,1
"581",21392,2,8,"KI",3,3350573.561,5822328.772,1
"582",21392,4,8,"KI",3,3350717.234,5822172.633,1
"583",21403,1,8,"KI",3,3394534.982,5820350.944,1
"584",21403,2,8,"KI",3,3394541.213,5820500.817,1
"585",21403,3,8,"KI",3,3394691.086,5820494.586,1
"586",21404,1,8,"KI",3,3398600,5820200,1
"587",21404,2,8,"KI",3,3398600,5820350,1
"588",21404,3,8,"KI",3,3398750,5820350,1
"589",21404,4,8,"KI",3,3398750,5820200,0.8125
"590",21415,1,5,"FI",3,3442200,5820200,1
"591",21430,2,2,"EI",3,3510200,5820350,0.911764681339264
"592",21432,1,8,"KI",3,3518200,5820200,1
"593",21432,2,8,"KI",3,3518200,5820350,1
"594",21432,3,8,"KI",3,3518350,5820350,1
"595",21432,4,8,"KI",3,3518350,5820200,1
"596",21438,3,2,"EI",3,3542350,5820350,0.959999978542328
"597",21438,4,2,"EI",3,3542350,5820200,0.954545438289642
"598",21439,1,8,"KI",3,3546200,5820200,0.833333313465118
"599",21439,3,8,"KI",3,3546350,5820350,0.782608687877655
"600",21443,2,8,"KI",3,3344660.342,5824576.899,1
"601",21443,3,8,"KI",3,3344810.253,5824570.664,0.800000011920929
"602",21443,4,9,"LAE",3,3344804.018,5824420.754,0.944444417953491
"603",21457,2,8,"KI",3,3400200,5822350,1
"604",21462,1,8,"KI",3,3420200,5822200,1
"605",21465,1,2,"EI",3,3432200,5822200,0.84375
"606",21465,3,8,"KI",3,3432350,5822350,0.833333313465118
"607",21467,1,8,"KI",3,3440200,5822200,0.77142858505249
"608",21477,4,1,"BU",3,3480350,5822200,0.764705896377563
"609",21480,1,8,"KI",3,3492200,5822200,0.896551728248596
"610",21480,2,8,"KI",3,3492200,5822350,0.954545438289642
"611",21480,3,8,"KI",3,3492350,5822350,0.842105269432068
"612",21480,4,8,"KI",3,3492350,5822200,0.866666674613953
"613",21486,1,8,"KI",3,3516200,5822200,1
"614",21486,2,8,"KI",3,3516200,5822350,1
"615",21486,3,8,"KI",3,3516350,5822350,0.899999976158142
"616",21486,4,8,"KI",3,3516350,5822200,0.846153855323792
"617",21494,1,8,"KI",3,3548200,5822200,0.800000011920929
"618",21495,1,5,"FI",3,3552200,5822200,1
"619",21496,4,8,"KI",3,3556350,5822200,1
"620",21497,2,8,"KI",3,3560200,5822350,0.864864885807037
"621",21497,3,8,"KI",3,3560350,5822350,1
"622",21499,3,8,"KI",3,3568350,5822350,1
"623",21503,1,2,"EI",3,3584200,5822200,1
"624",21507,3,8,"KI",3,3600350,5822350,1
"625",21510,1,8,"KI",3,3611776.626,5822615.157,1
"626",21510,2,8,"KI",3,3611770.394,5822765.035,1
"627",21510,3,8,"KI",3,3611920.272,5822771.267,0.954545438289642
"628",21510,4,8,"KI",3,3611926.504,5822621.389,1
"629",21511,2,7,"DGL",3,3615767.179,5822931.234,1
"630",21524,4,8,"KI",3,3362875.589,5825671.297,0.815789461135864
"631",21528,3,9,"LAE",3,3378870.187,5825156.155,0.95652174949646
"632",21528,4,8,"KI",3,3378863.953,5825006.271,1
"633",21530,3,2,"EI",3,3386863.89,5824823.668,0.866666674613953
"634",21533,2,8,"KI",3,3398600,5824350,1
"635",21533,3,8,"KI",3,3398750,5824350,1
"636",21533,4,8,"KI",3,3398750,5824200,1
"637",21535,1,8,"KI",3,3406200,5824200,0.862068951129913
"638",21535,4,9,"LAE",3,3406350,5824200,1
"639",21537,1,8,"KI",3,3414200,5824200,1
"640",21537,4,7,"DGL",3,3414350,5824200,0.92592591047287
"641",21544,1,7,"DGL",3,3442200,5824200,0.759999990463257
"642",21544,2,8,"KI",3,3442200,5824350,0.800000011920929
"643",21545,4,8,"KI",3,3446350,5824200,0.826086938381195
"644",21558,4,2,"EI",3,3498350,5824200,0.961538434028625
"645",21565,1,8,"KI",3,3526200,5824200,0.882352948188782
"646",21566,1,9,"LAE",3,3530200,5824200,0.920000016689301
"647",21566,4,5,"FI",3,3530350,5824200,0.920000016689301
"648",21581,1,8,"KI",3,3380795.657,5826927.829,1
"649",21581,3,8,"KI",3,3380951.776,5827071.477,1
"650",21581,4,8,"KI",3,3380945.54,5826921.593,0.782608687877655
"651",21589,3,8,"KI",3,3412350,5826350,1
"652",21589,4,8,"KI",3,3412350,5826200,0.800000011920929
"653",21592,4,5,"FI",3,3424350,5826200,0.96875
"654",21596,1,8,"KI",3,3440200,5826200,1
"655",21596,3,8,"KI",3,3440350,5826350,1
"656",21596,4,8,"KI",3,3440350,5826200,1
"657",21611,1,2,"EI",3,3500200,5826200,1
"658",21617,1,8,"KI",3,3524200,5826200,0.785714268684387
"659",21617,4,2,"EI",3,3524350,5826200,0.916666686534882
"660",21622,2,8,"KI",3,3544200,5826350,0.783783793449402
"661",21622,3,8,"KI",3,3544350,5826350,0.95652174949646
"662",21622,4,8,"KI",3,3544350,5826200,0.75862067937851
"663",21626,2,8,"KI",3,3560200,5826350,0.809523820877075
"664",21634,1,8,"KI",3,3592200,5826200,1
"665",21636,2,8,"KI",3,3600200,5826350,1
"666",21636,3,8,"KI",3,3600350,5826350,1
"667",21636,4,8,"KI",3,3600350,5826200,1
"668",21642,3,5,"FI",3,3623744.624,5827266.867,0.959999978542328
"669",21666,1,2,"EI",3,3414200,5828200,0.818181812763214
"670",21680,1,8,"KI",3,3470200,5828200,0.772727251052856
"671",21680,2,8,"KI",3,3470200,5828350,1
"672",21680,3,8,"KI",3,3470350,5828350,0.77142858505249
"673",21680,4,8,"KI",3,3470350,5828200,1
"674",21684,1,8,"KI",3,3486200,5828200,0.769230782985687
"675",21685,3,8,"KI",3,3490350,5828350,1
"676",21685,4,8,"KI",3,3490350,5828200,1
"677",21688,3,8,"KI",3,3502350,5828350,0.923076927661896
"678",21690,4,8,"KI",3,3510350,5828200,0.848484873771667
"679",21699,2,2,"EI",3,3546200,5828350,1
"680",21717,3,9,"LAE",3,3412350,5830350,1
"681",21718,1,9,"LAE",3,3416200,5830200,0.928571403026581
"682",21718,3,7,"DGL",3,3416350,5830350,0.959999978542328
"683",21731,1,8,"KI",3,3468200,5830200,1
"684",21731,3,8,"KI",3,3468350,5830350,0.916666686534882
"685",21733,2,8,"KI",3,3476200,5830350,1
"686",21733,3,8,"KI",3,3476350,5830350,1
"687",21739,1,8,"KI",3,3500200,5830200,1
"688",21739,2,8,"KI",3,3500200,5830350,0.923076927661896
"689",21739,3,8,"KI",3,3500350,5830350,1
"690",21742,3,8,"KI",3,3512350,5830350,1
"691",21743,3,8,"KI",3,3516350,5830350,0.882352948188782
"692",21750,4,8,"KI",3,3544350,5830200,1
"693",21752,3,8,"KI",3,3552350,5830350,0.823529422283173
"694",21752,4,8,"KI",3,3552350,5830200,1
"695",21754,2,8,"KI",3,3560200,5830350,1
"696",21754,3,8,"KI",3,3560350,5830350,1
"697",21754,4,8,"KI",3,3560350,5830200,1
"698",21755,1,8,"KI",3,3564200,5830200,0.961538434028625
"699",21755,2,8,"KI",3,3564200,5830350,1
"700",21767,2,8,"KI",3,3611437.841,5830758.516,0.800000011920929
"701",21767,3,8,"KI",3,3611587.718,5830764.754,1
"702",21768,2,8,"KI",3,3615434.616,5830924.874,1
"703",21768,3,8,"KI",3,3615584.496,5830931.113,1
"704",21768,4,8,"KI",3,3615590.735,5830781.232,0.823529422283173
"705",21769,1,8,"KI",3,3619437.709,5830941.355,1
"706",21769,2,8,"KI",3,3619431.471,5831091.238,1
"707",21769,3,8,"KI",3,3619581.354,5831097.477,1
"708",21769,4,8,"KI",3,3619587.593,5830947.593,1
"709",21770,2,8,"KI",3,3623428.405,5831257.607,1
"710",21770,3,8,"KI",3,3623578.291,5831263.846,1
"711",21770,4,8,"KI",3,3623584.53,5831113.96,1
"712",21779,4,8,"KI",3,3359211.004,5833832.217,1
"713",21785,1,9,"LAE",3,3383043.603,5832839.96,0.761904776096344
"714",21785,2,8,"KI",3,3383049.843,5832989.842,1
"715",21787,2,8,"KI",3,3391043.373,5832657.046,0.944444417953491
"716",21787,4,5,"FI",3,3391187.009,5832500.931,0.833333313465118
"717",21789,4,2,"EI",3,3398750,5832200,0.933333337306976
"718",21792,3,7,"DGL",3,3410350,5832350,0.787878811359406
"719",21795,1,2,"EI",3,3422200,5832200,0.833333313465118
"720",21806,2,8,"KI",3,3466200,5832350,0.923076927661896
"721",21806,3,8,"KI",3,3466350,5832350,1
"722",21815,1,8,"KI",3,3502200,5832200,0.91304349899292
"723",21815,3,8,"KI",3,3502350,5832350,0.800000011920929
"724",21815,4,8,"KI",3,3502350,5832200,1
"725",21816,1,7,"DGL",3,3506200,5832200,1
"726",21820,3,2,"EI",3,3522350,5832350,1
"727",21825,2,8,"KI",3,3542200,5832350,1
"728",21825,3,8,"KI",3,3542350,5832350,1
"729",21838,1,9,"LAE",3,3397115.272,5834255.874,1
"730",21838,2,8,"KI",3,3397121.513,5834405.745,1
"731",21838,3,9,"LAE",3,3397271.384,5834399.504,0.947368443012238
"732",21840,1,5,"FI",3,3404200,5834200,0.952380955219269
"733",21842,1,7,"DGL",3,3412200,5834200,1
"734",21842,4,7,"DGL",3,3412350,5834200,0.791666686534882
"735",21850,1,2,"EI",3,3444200,5834200,0.97826087474823
"736",21854,2,2,"EI",3,3460200,5834350,0.800000011920929
"737",21854,4,2,"EI",3,3460350,5834200,0.9375
"738",21865,2,8,"KI",3,3504200,5834350,0.916666686534882
"739",21873,1,8,"KI",3,3536200,5834200,0.806451618671417
"740",21873,4,8,"KI",3,3536350,5834200,0.949999988079071
"741",21875,1,8,"KI",3,3544200,5834200,1
"742",21875,3,8,"KI",3,3544350,5834350,0.851851880550385
"743",21875,4,8,"KI",3,3544350,5834200,1
"744",21877,1,8,"KI",3,3552200,5834200,1
"745",21877,3,8,"KI",3,3552350,5834350,1
"746",21877,4,8,"KI",3,3552350,5834200,1
"747",21878,1,8,"KI",3,3556200,5834200,1
"748",21878,2,8,"KI",3,3556200,5834350,1
"749",21878,4,8,"KI",3,3556350,5834200,0.800000011920929
"750",21879,2,8,"KI",3,3560200,5834350,0.941176474094391
"751",21880,1,8,"KI",3,3564200,5834200,1
"752",21880,2,8,"KI",3,3564200,5834350,1
"753",21880,3,8,"KI",3,3564350,5834350,0.928571403026581
"754",21880,4,8,"KI",3,3564350,5834200,1
"755",21881,1,8,"KI",3,3568200,5834200,0.920000016689301
"756",21881,2,8,"KI",3,3568200,5834350,1
"757",21881,4,8,"KI",3,3568350,5834200,0.899999976158142
"758",21884,2,5,"FI",3,3580200,5834350,0.928571403026581
"759",21893,2,8,"KI",3,3615268.215,5834921.687,1
"760",21893,3,8,"KI",3,3615418.095,5834927.928,1
"761",21893,4,8,"KI",3,3615424.337,5834778.048,1
"762",21894,1,8,"KI",3,3619271.306,5834938.247,0.95652174949646
"763",21894,2,5,"FI",3,3619265.064,5835088.13,0.757575750350952
"764",21894,3,8,"KI",3,3619414.948,5835094.372,1
"765",21894,4,8,"KI",3,3619421.189,5834944.488,1
"766",21895,1,8,"KI",3,3623268.235,5835104.693,1
"767",21895,2,8,"KI",3,3623261.993,5835254.579,1
"768",21895,3,8,"KI",3,3623411.88,5835260.821,1
"769",21895,4,8,"KI",3,3623418.122,5835110.934,1
"770",21907,1,8,"KI",3,3406200,5836200,0.914893627166748
"771",21908,3,8,"KI",3,3410350,5836350,0.857142865657806
"772",21909,1,8,"KI",3,3414200,5836200,0.863636374473572
"773",21910,3,2,"EI",3,3418350,5836350,0.916666686534882
"774",21917,1,2,"EI",3,3446200,5836200,0.923076927661896
"775",21917,2,2,"EI",3,3446200,5836350,0.764705896377563
"776",21918,4,8,"KI",3,3450350,5836200,1
"777",21922,2,8,"KI",3,3466200,5836350,1
"778",21932,2,1,"BU",3,3506200,5836350,0.789473712444305
"779",21936,1,8,"KI",3,3522200,5836200,0.806451618671417
"780",21936,3,8,"KI",3,3522350,5836350,0.928571403026581
"781",21936,4,8,"KI",3,3522350,5836200,0.954545438289642
"782",21965,1,2,"EI",3,3460200,5838200,0.791666686534882
"783",21965,2,2,"EI",3,3460200,5838350,0.833333313465118
"784",21965,3,2,"EI",3,3460350,5838350,0.954545438289642
"785",21965,4,2,"EI",3,3460350,5838200,0.814814805984497
"786",21969,1,8,"KI",3,3476200,5838200,0.837837815284729
"787",21969,2,8,"KI",3,3476200,5838350,1
"788",21969,4,8,"KI",3,3476350,5838200,1
"789",21977,4,5,"FI",3,3508350,5838200,0.809523820877075
"790",21993,2,8,"KI",3,3572200,5838350,1
"791",21996,1,8,"KI",3,3584200,5838200,0.892857134342194
"792",21999,1,8,"KI",3,3596200,5838200,1
"793",21999,2,8,"KI",3,3596200,5838350,1
"794",21999,3,8,"KI",3,3596350,5838350,0.952380955219269
"795",21999,4,8,"KI",3,3596350,5838200,1
"796",22000,2,2,"EI",3,3600200,5838350,0.9375
"797",22003,2,2,"EI",3,3611104.969,5838751.976,0.759999990463257
"798",22005,1,8,"KI",3,3619104.823,5838935.134,0.958333313465118
"799",22005,2,8,"KI",3,3619098.578,5839085.017,1
"800",22005,4,8,"KI",3,3619254.706,5838941.378,1
"801",22013,4,2,"EI",3,3395516.579,5840327.739,0.958333313465118
"802",22019,1,2,"EI",3,3418200,5840200,0.826086938381195
"803",22030,1,2,"EI",3,3462200,5840200,0.961538434028625
"804",22047,1,8,"KI",3,3530200,5840200,1
"805",22047,3,8,"KI",3,3530350,5840350,1
"806",22050,3,5,"FI",3,3542350,5840350,0.823529422283173
"807",22050,4,2,"EI",3,3542350,5840200,0.954545438289642
"808",22052,4,5,"FI",3,3373617.415,5843242.321,0.959999978542328
"809",22055,3,8,"KI",3,3385614.385,5842892.388,1
"810",22056,1,9,"LAE",3,3389455.01,5842582.162,0.789473712444305
"811",22057,1,7,"DGL",3,3393451.682,5842415.574,0.888888895511627
"812",22058,1,8,"KI",3,3397448.275,5842248.99,1
"813",22058,2,8,"KI",3,3397454.522,5842398.861,1
"814",22058,3,8,"KI",3,3397604.393,5842392.614,0.862068951129913
"815",22058,4,8,"KI",3,3397598.146,5842242.743,0.807692289352417
"816",22062,4,2,"EI",3,3412350,5842200,0.970588207244873
"817",22091,2,8,"KI",3,3528200,5842350,1
"818",22092,1,8,"KI",3,3532200,5842200,0.869565188884735
"819",22092,2,8,"KI",3,3532200,5842350,0.769230782985687
"820",22093,3,2,"EI",3,3536350,5842350,0.789473712444305
"821",22095,1,8,"KI",3,3544200,5842200,1
"822",22095,2,8,"KI",3,3544200,5842350,1
"823",22095,3,8,"KI",3,3544350,5842350,1
"824",22095,4,8,"KI",3,3544350,5842200,1
"825",22099,3,8,"KI",3,3560350,5842350,0.9375
"826",22100,1,8,"KI",3,3564200,5842200,1
"827",22100,2,8,"KI",3,3564200,5842350,1
"828",22100,3,8,"KI",3,3564350,5842350,1
"829",22101,2,5,"FI",3,3568200,5842350,0.833333313465118
"830",22101,3,5,"FI",3,3568350,5842350,1
"831",22101,4,5,"FI",3,3568350,5842200,0.928571403026581
"832",22102,1,8,"KI",3,3572200,5842200,1
"833",22102,2,8,"KI",3,3572200,5842350,0.941176474094391
"834",22102,4,8,"KI",3,3572350,5842200,1
"835",22103,4,8,"KI",3,3576350,5842200,0.933333337306976
"836",22104,2,8,"KI",3,3580200,5842350,0.944444417953491
"837",22106,3,8,"KI",3,3588350,5842350,0.839999973773956
"838",22108,2,7,"DGL",3,3596200,5842350,0.800000011920929
"839",22109,4,8,"KI",3,3600350,5842200,0.875
"840",22110,1,8,"KI",3,3602951.38,5842265.648,1
"841",22110,2,8,"KI",3,3602945.133,5842415.519,1
"842",22110,3,8,"KI",3,3603095.005,5842421.766,1
"843",22112,1,5,"FI",3,3610944.662,5842598.821,0.862068951129913
"844",22118,1,8,"KI",3,3379546.293,5844997.111,0.857142865657806
"845",22118,3,5,"FI",3,3379702.427,5845140.746,1
"846",22128,4,8,"KI",3,3422350,5844200,0.964285731315613
"847",22143,1,2,"EI",3,3482200,5844200,0.952380955219269
"848",22143,2,2,"EI",3,3482200,5844350,0.9375
"849",22150,1,8,"KI",3,3510200,5844200,1
"850",22153,3,8,"KI",3,3522350,5844350,1
"851",22155,1,5,"FI",3,3530200,5844200,0.850000023841858
"852",22155,2,5,"FI",3,3530200,5844350,0.888888895511627
"853",22155,4,5,"FI",3,3530350,5844200,1
"854",22156,1,8,"KI",3,3534200,5844200,1
"855",22156,2,8,"KI",3,3534200,5844350,1
"856",22156,3,8,"KI",3,3534350,5844350,1
"857",22156,4,8,"KI",3,3534350,5844200,1
"858",22157,1,8,"KI",3,3538200,5844200,0.769230782985687
"859",22157,2,8,"KI",3,3538200,5844350,0.800000011920929
"860",22157,3,8,"KI",3,3538350,5844350,0.949999988079071
"861",22162,1,8,"KI",3,3385624.894,5846745.545,1
"862",22162,2,8,"KI",3,3385631.145,5846895.425,1
"863",22162,3,8,"KI",3,3385781.024,5846889.174,1
"864",22162,4,8,"KI",3,3385774.774,5846739.295,1
"865",22171,1,8,"KI",3,3420200,5846200,0.971428573131561
"866",22171,2,8,"KI",3,3420200,5846350,0.857142865657806
"867",22171,3,2,"EI",3,3420350,5846350,0.772727251052856
"868",22174,3,2,"EI",3,3432350,5846350,0.961538434028625
"869",22181,1,2,"EI",3,3460200,5846200,0.850000023841858
"870",22182,4,2,"EI",3,3464350,5846200,0.884615361690521
"871",22189,3,1,"BU",3,3492350,5846350,0.772727251052856
"872",22189,4,7,"DGL",3,3492350,5846200,0.842105269432068
"873",22195,1,8,"KI",3,3516200,5846200,1
"874",22196,1,8,"KI",3,3520200,5846200,0.838709652423859
"875",22196,2,8,"KI",3,3520200,5846350,0.833333313465118
"876",22196,3,8,"KI",3,3520350,5846350,0.772727251052856
"877",22198,1,8,"KI",3,3528200,5846200,0.772727251052856
"878",22198,2,8,"KI",3,3528200,5846350,0.904761910438538
"879",22198,4,8,"KI",3,3528350,5846200,0.857142865657806
"880",22199,1,8,"KI",3,3532200,5846200,0.96875
"881",22199,3,8,"KI",3,3532350,5846350,1
"882",22200,1,8,"KI",3,3536200,5846200,0.882352948188782
"883",22200,2,5,"FI",3,3536200,5846350,0.800000011920929
"884",22202,2,5,"FI",3,3544200,5846350,0.909090936183929
"885",22205,2,8,"KI",3,3556200,5846350,0.782608687877655
"886",22206,3,8,"KI",3,3560350,5846350,0.846153855323792
"887",22207,2,8,"KI",3,3564200,5846350,0.857142865657806
"888",22207,3,8,"KI",3,3564350,5846350,0.965517222881317
"889",22208,2,8,"KI",3,3568200,5846350,0.764705896377563
"890",22208,3,8,"KI",3,3568350,5846350,0.962962985038757
"891",22210,3,9,"LAE",3,3576350,5846350,0.916666686534882
"892",22210,4,9,"LAE",3,3576350,5846200,1
"893",22211,2,8,"KI",3,3580200,5846350,0.944444417953491
"894",22213,3,8,"KI",3,3588350,5846350,1
"895",22213,4,8,"KI",3,3588350,5846200,1
"896",22215,1,8,"KI",3,3596200,5846200,0.9375
"897",22215,2,8,"KI",3,3596200,5846350,1
"898",22215,4,8,"KI",3,3596350,5846200,1
"899",22216,1,8,"KI",3,3600200,5846200,0.842105269432068
"900",22216,2,5,"FI",3,3600200,5846350,0.869565188884735
"901",22216,4,8,"KI",3,3600350,5846200,1
"902",22225,2,9,"LAE",3,3383716.092,5848977.177,0.967741906642914
"903",22227,3,9,"LAE",3,3391859.455,5848637.494,0.95652174949646
"904",22230,2,9,"LAE",3,3406200,5848350,0.833333313465118
"905",22230,3,9,"LAE",3,3406350,5848350,1
"906",22231,2,8,"KI",3,3410200,5848350,0.828571438789368
"907",22246,3,1,"BU",3,3470350,5848350,1
"908",22246,4,1,"BU",3,3470350,5848200,1
"909",22252,2,5,"FI",3,3494200,5848350,0.850649376000677
"910",22258,2,8,"KI",3,3518200,5848350,1
"911",22268,3,5,"FI",3,3385947.742,5850885.955,1
"912",22268,4,5,"FI",3,3385941.489,5850736.076,0.921052634716034
"913",22270,1,9,"LAE",3,3393785.013,5850408.829,0.785714268684387
"914",22270,4,9,"LAE",3,3393934.887,5850402.576,0.809523820877075
"915",22274,1,9,"LAE",3,3408200,5850200,0.941176474094391
"916",22274,4,8,"KI",3,3408350,5850200,0.846153855323792
"917",22275,4,5,"FI",3,3412350,5850200,0.795454561710358
"918",22277,1,5,"FI",3,3420200,5850200,0.883720934391022
"919",22277,3,2,"EI",3,3420350,5850350,0.882352948188782
"920",22279,1,7,"DGL",3,3428200,5850200,0.935483872890472
"921",22279,2,5,"FI",3,3428200,5850350,0.757575750350952
"922",22302,4,9,"LAE",3,3520350,5850200,0.850000023841858
"923",22307,1,8,"KI",3,3540200,5850200,1
"924",22307,2,8,"KI",3,3540200,5850350,1
"925",22307,3,8,"KI",3,3540350,5850350,1
"926",22307,4,8,"KI",3,3540350,5850200,1
"927",22308,1,8,"KI",3,3544200,5850200,0.800000011920929
"928",22308,2,8,"KI",3,3544200,5850350,1
"929",22314,4,5,"FI",3,3568350,5850200,1
"930",22315,3,5,"FI",3,3572350,5850350,0.814814805984497
"931",22316,1,8,"KI",3,3576200,5850200,1
"932",22316,2,8,"KI",3,3576200,5850350,0.961538434028625
"933",22316,3,8,"KI",3,3576350,5850350,1
"934",22316,4,8,"KI",3,3576350,5850200,0.928571403026581
"935",22317,2,8,"KI",3,3580200,5850350,0.89473682641983
"936",22318,1,8,"KI",3,3584200,5850200,0.944444417953491
"937",22318,2,8,"KI",3,3584200,5850350,1
"938",22319,1,8,"KI",3,3588200,5850200,0.923076927661896
"939",22319,2,8,"KI",3,3588200,5850350,1
"940",22320,3,8,"KI",3,3592350,5850350,1
"941",22320,4,8,"KI",3,3592350,5850200,1
"942",22321,2,8,"KI",3,3596200,5850350,0.777777791023254
"943",22321,4,8,"KI",3,3596350,5850200,0.882352948188782
"944",22322,1,5,"FI",3,3600200,5850200,0.965517222881317
"945",22323,2,8,"KI",3,3602611.805,5850408.631,0.862068951129913
"946",22325,2,8,"KI",3,3610605.066,5850742.128,0.837837815284729
"947",22326,1,8,"KI",3,3614608.069,5850759.004,0.857142865657806
"948",22326,2,8,"KI",3,3614601.815,5850908.884,1
"949",22326,3,8,"KI",3,3614751.695,5850915.137,0.941176474094391
"950",22327,1,8,"KI",3,3618604.898,5850925.763,1
"951",22327,4,8,"KI",3,3618754.78,5850932.016,1
"952",22331,1,8,"KI",3,3383876.598,5852824.117,1
"953",22359,4,2,"EI",3,3498350,5852200,0.833333313465118
"954",22368,4,8,"KI",3,3534350,5852200,0.965517222881317
"955",22372,2,8,"KI",3,3385964.661,5854888.987,0.763392864726484
"956",22374,1,9,"LAE",3,3393951.798,5854405.449,0.839999973773956
"957",22393,1,9,"LAE",3,3468200,5854200,0.936170220375061
"958",22402,3,1,"BU",3,3504350,5854350,0.8125
"959",22403,1,2,"EI",3,3508200,5854200,0.842105269432068
"960",22405,1,8,"KI",3,3516200,5854200,0.899999976158142
"961",22405,2,8,"KI",3,3516200,5854350,0.949999988079071
"962",22405,4,8,"KI",3,3516350,5854200,1
"963",22410,1,8,"KI",3,3536200,5854200,0.888888895511627
"964",22410,2,2,"EI",3,3536200,5854350,0.923076927661896
"965",22410,3,8,"KI",3,3536350,5854350,0.875
"966",22410,4,8,"KI",3,3536350,5854200,1
"967",22411,1,8,"KI",3,3540200,5854200,0.764705896377563
"968",22411,2,8,"KI",3,3540200,5854350,0.833333313465118
"969",22411,4,8,"KI",3,3540350,5854200,1
"970",22412,1,8,"KI",3,3544200,5854200,0.89473682641983
"971",22412,2,8,"KI",3,3544200,5854350,0.869565188884735
"972",22412,3,8,"KI",3,3544350,5854350,0.933333337306976
"973",22413,1,9,"LAE",3,3548200,5854200,1
"974",22413,2,5,"FI",3,3548200,5854350,1
"975",22413,3,5,"FI",3,3548350,5854350,1
"976",22416,2,8,"KI",3,3560200,5854350,1
"977",22416,4,8,"KI",3,3560350,5854200,0.896551728248596
"978",22420,3,8,"KI",3,3576350,5854350,1
"979",22421,1,8,"KI",3,3580200,5854200,0.863636374473572
"980",22421,2,8,"KI",3,3580200,5854350,0.769230782985687
"981",22421,3,8,"KI",3,3580350,5854350,0.941176474094391
"982",22421,4,8,"KI",3,3580350,5854200,0.949999988079071
"983",22422,1,8,"KI",3,3584200,5854200,0.800000011920929
"984",22423,3,5,"FI",3,3588350,5854350,1
"985",22423,4,8,"KI",3,3588350,5854200,0.777777791023254
"986",22424,1,5,"FI",3,3592200,5854200,0.782608687877655
"987",22425,1,8,"KI",3,3596200,5854200,0.949999988079071
"988",22425,2,8,"KI",3,3596200,5854350,0.888888895511627
"989",22426,2,8,"KI",3,3600200,5854350,1
"990",22428,1,8,"KI",3,3606447.864,5854422.131,1
"991",22428,2,8,"KI",3,3606441.608,5854572.005,0.947368443012238
"992",22428,3,8,"KI",3,3606591.482,5854578.261,1
"993",22428,4,8,"KI",3,3606597.738,5854428.387,1
"994",22436,1,8,"KI",3,3388040.208,5856654.059,1
"995",22436,3,8,"KI",3,3388196.344,5856797.678,1
"996",22436,4,8,"KI",3,3388190.086,5856647.801,0.933333337306976
"997",22438,1,2,"EI",3,3396033.518,5856320.326,0.777777791023254
"998",22438,2,2,"EI",3,3396039.775,5856470.198,0.875
"999",22438,3,2,"EI",3,3396189.646,5856463.94,0.809523820877075
"1000",22456,4,2,"EI",3,3470350,5856200,1
"1001",22468,4,8,"KI",3,3518350,5856200,0.857142865657806
"1002",22471,1,8,"KI",3,3530200,5856200,0.851851880550385
"1003",22478,1,9,"LAE",3,3394118.662,5858402.064,1
"1004",22478,3,8,"KI",3,3394274.794,5858545.678,1
"1005",22478,4,8,"KI",3,3394268.535,5858395.805,1
"1006",22479,2,5,"FI",3,3398121.493,5858385.033,0.886363625526428
"1007",22479,4,5,"FI",3,3398265.105,5858228.905,0.857142865657806
"1008",22496,4,1,"BU",3,3464350,5858200,0.769230782985687
"1009",22502,1,1,"BU",3,3488200,5858200,1
"1010",22502,4,1,"BU",3,3488350,5858200,1
"1011",22512,3,8,"KI",3,3528350,5858350,1
"1012",22512,4,8,"KI",3,3528350,5858200,1
"1013",22519,1,8,"KI",3,3556200,5858200,1
"1014",22519,4,8,"KI",3,3556350,5858200,0.944444417953491
"1015",22520,1,8,"KI",3,3560200,5858200,0.8125
"1016",22522,1,5,"FI",3,3568200,5858200,0.954545438289642
"1017",22525,1,8,"KI",3,3580200,5858200,1
"1018",22525,2,8,"KI",3,3580200,5858350,0.761904776096344
"1019",22525,3,5,"FI",3,3580350,5858350,0.800000011920929
"1020",22525,4,5,"FI",3,3580350,5858200,0.878787875175476
"1021",22526,2,8,"KI",3,3584200,5858350,1
"1022",22526,3,8,"KI",3,3584350,5858350,1
"1023",22526,4,8,"KI",3,3584350,5858200,1
"1024",22527,4,5,"FI",3,3588350,5858200,1
"1025",22528,1,8,"KI",3,3592200,5858200,1
"1026",22528,2,8,"KI",3,3592200,5858350,1
"1027",22528,3,8,"KI",3,3592350,5858350,0.947368443012238
"1028",22528,4,8,"KI",3,3592350,5858200,1
"1029",22529,2,8,"KI",3,3596200,5858350,0.846153855323792
"1030",22529,3,8,"KI",3,3596350,5858350,1
"1031",22529,4,8,"KI",3,3596350,5858200,1
"1032",22530,1,8,"KI",3,3600200,5858200,1
"1033",22530,2,8,"KI",3,3600200,5858350,1
"1034",22530,3,8,"KI",3,3600350,5858350,1
"1035",22530,4,8,"KI",3,3600350,5858200,0.954545438289642
"1036",22531,1,8,"KI",3,3602284.419,5858251.853,1
"1037",22531,2,8,"KI",3,3602278.16,5858401.723,1
"1038",22531,3,8,"KI",3,3602428.031,5858407.982,1
"1039",22531,4,8,"KI",3,3602434.289,5858258.112,0.846153855323792
"1040",22533,2,8,"KI",3,3610271.401,5858735.537,1
"1041",22533,3,8,"KI",3,3610421.277,5858741.796,1
"1042",22533,4,8,"KI",3,3610427.536,5858591.92,1
"1043",22535,1,8,"KI",3,3618271.217,5858919.489,1
"1044",22535,3,8,"KI",3,3618414.84,5859075.631,1
"1045",22535,4,8,"KI",3,3618421.1,5858925.748,1
"1046",22536,3,8,"KI",3,3622411.74,5859242.556,1
"1047",22541,1,8,"KI",3,3388207.119,5860650.79,1
"1048",22543,1,2,"EI",3,3396200.418,5860316.899,0.846153855323792
"1049",22543,2,2,"EI",3,3396206.679,5860466.77,0.9375
"1050",22546,1,5,"FI",3,3410200,5860200,0.885714292526245
"1051",22546,3,2,"EI",3,3410350,5860350,0.959999978542328
"1052",22555,4,7,"DGL",3,3446350,5860200,1
"1053",22557,1,5,"FI",3,3454200,5860200,1
"1054",22557,2,9,"LAE",3,3454200,5860350,0.935483872890472
"1055",22565,2,8,"KI",3,3486200,5860350,0.888888895511627
"1056",22576,2,8,"KI",3,3530200,5860350,1
"1057",22576,3,8,"KI",3,3530350,5860350,1
"1058",22577,2,8,"KI",3,3534200,5860350,0.888888895511627
"1059",22580,1,8,"KI",3,3382295.426,5862899.644,1
"1060",22580,2,8,"KI",3,3382301.689,5863049.526,1
"1061",22580,3,8,"KI",3,3382451.57,5863043.264,0.842105269432068
"1062",22580,4,8,"KI",3,3382445.308,5862893.382,1
"1063",22584,1,8,"KI",3,3398282.173,5862231.694,1
"1064",22584,2,8,"KI",3,3398288.434,5862381.564,0.916666686534882
"1065",22585,3,2,"EI",3,3400350,5862350,0.851851880550385
"1066",22586,3,5,"FI",3,3404350,5862350,0.766666650772095
"1067",22588,2,9,"LAE",3,3412200,5862350,1
"1068",22591,2,9,"LAE",3,3424200,5862350,1
"1069",22592,2,8,"KI",3,3428200,5862350,1
"1070",22592,3,9,"LAE",3,3428350,5862350,0.839999973773956
"1071",22594,3,2,"EI",3,3436350,5862350,0.941176474094391
"1072",22602,1,5,"FI",3,3468200,5862200,0.814814805984497
"1073",22617,4,5,"FI",3,3528350,5862200,1
"1074",22619,3,8,"KI",3,3536350,5862350,0.833333313465118
"1075",22624,4,9,"LAE",3,3556350,5862200,0.809523820877075
"1076",22625,2,8,"KI",3,3560200,5862350,0.800000011920929
"1077",22625,4,9,"LAE",3,3560350,5862200,1
"1078",22626,3,5,"FI",3,3564350,5862350,1
"1079",22627,1,8,"KI",3,3568200,5862200,1
"1080",22627,2,8,"KI",3,3568200,5862350,1
"1081",22627,4,8,"KI",3,3568350,5862200,1
"1082",22628,1,8,"KI",3,3572200,5862200,0.888888895511627
"1083",22628,2,8,"KI",3,3572200,5862350,1
"1084",22628,4,8,"KI",3,3572350,5862200,1
"1085",22630,3,8,"KI",3,3580350,5862350,0.882352948188782
"1086",22630,4,8,"KI",3,3580350,5862200,0.888888895511627
"1087",22631,1,8,"KI",3,3584200,5862200,1
"1088",22631,2,8,"KI",3,3584200,5862350,1
"1089",22631,3,8,"KI",3,3584350,5862350,1
"1090",22631,4,8,"KI",3,3584350,5862200,0.764705896377563
"1091",22632,2,8,"KI",3,3588200,5862350,1
"1092",22632,3,8,"KI",3,3588350,5862350,1
"1093",22633,3,8,"KI",3,3592350,5862350,1
"1094",22633,4,8,"KI",3,3592350,5862200,0.949999988079071
"1095",22635,1,8,"KI",3,3600200,5862200,1
"1096",22635,2,8,"KI",3,3600200,5862350,0.91304349899292
"1097",22635,3,8,"KI",3,3600350,5862350,1
"1098",22635,4,8,"KI",3,3600350,5862200,1
"1099",22636,4,5,"FI",3,3602267.351,5862254.654,0.777777791023254
"1100",22640,1,8,"KI",3,3618104.259,5862916.344,0.782608687877655
"1101",22652,1,8,"KI",3,3402200,5864200,0.862068951129913
"1102",22652,4,8,"KI",3,3402350,5864200,0.961538434028625
"1103",22653,4,8,"KI",3,3406350,5864200,0.949999988079071
"1104",22656,3,8,"KI",3,3418350,5864350,0.884615361690521
"1105",22659,3,9,"LAE",3,3430350,5864350,0.964285731315613
"1106",22659,4,7,"DGL",3,3430350,5864200,1
"1107",22662,3,8,"KI",3,3442350,5864350,0.909090936183929
"1108",22666,2,8,"KI",3,3458200,5864350,1
"1109",22667,2,5,"FI",3,3462200,5864350,0.848484873771667
"1110",22671,3,2,"EI",3,3478350,5864350,0.806451618671417
"1111",22672,3,1,"BU",3,3482350,5864350,0.947368443012238
"1112",22674,4,2,"EI",3,3490350,5864200,0.875
"1113",22683,2,2,"EI",3,3526200,5864350,0.78125
"1114",22692,1,8,"KI",3,3400200,5866200,1
"1115",22692,3,8,"KI",3,3400350,5866350,1
"1116",22696,3,5,"FI",3,3416350,5866350,0.833333313465118
"1117",22697,2,5,"FI",3,3420200,5866350,0.909090936183929
"1118",22697,3,5,"FI",3,3420350,5866350,0.899999976158142
"1119",22704,3,8,"KI",3,3448350,5866350,0.941176474094391
"1120",22705,4,2,"EI",3,3452350,5866200,0.769230782985687
"1121",22707,3,9,"LAE",3,3460350,5866350,0.962962985038757
"1122",22707,4,9,"LAE",3,3460350,5866200,1
"1123",22710,3,9,"LAE",3,3472350,5866350,0.882352948188782
"1124",22710,4,7,"DGL",3,3472350,5866200,1
"1125",22716,1,8,"KI",3,3496200,5866200,0.899999976158142
"1126",22718,2,5,"FI",3,3504200,5866350,1
"1127",22724,4,8,"KI",3,3528350,5866200,0.791666686534882
"1128",22725,1,8,"KI",3,3532200,5866200,1
"1129",22725,2,8,"KI",3,3532200,5866350,1
"1130",22725,3,8,"KI",3,3532350,5866350,1
"1131",22725,4,8,"KI",3,3532350,5866200,0.967741906642914
"1132",22726,1,5,"FI",3,3536200,5866200,0.958333313465118
"1133",22726,2,5,"FI",3,3536200,5866350,0.769230782985687
"1134",22726,4,5,"FI",3,3536350,5866200,0.941176474094391
"1135",22727,3,1,"BU",3,3540350,5866350,0.857142865657806
"1136",22728,1,5,"FI",3,3544200,5866200,0.916666686534882
"1137",22731,4,5,"FI",3,3556350,5866200,0.89473682641983
"1138",22732,2,8,"KI",3,3560200,5866350,1
"1139",22732,4,8,"KI",3,3560350,5866200,0.761904776096344
"1140",22733,4,5,"FI",3,3564350,5866200,0.84375
"1141",22734,2,8,"KI",3,3568200,5866350,0.909090936183929
"1142",22734,3,8,"KI",3,3568350,5866350,1
"1143",22734,4,8,"KI",3,3568350,5866200,1
"1144",22735,1,8,"KI",3,3572200,5866200,1
"1145",22735,2,8,"KI",3,3572200,5866350,1
"1146",22735,3,8,"KI",3,3572350,5866350,1
"1147",22737,2,8,"KI",3,3580200,5866350,0.789473712444305
"1148",22738,1,8,"KI",3,3584200,5866200,0.904761910438538
"1149",22738,4,8,"KI",3,3584350,5866200,1
"1150",22739,1,8,"KI",3,3588200,5866200,1
"1151",22739,2,8,"KI",3,3588200,5866350,1
"1152",22739,3,8,"KI",3,3588350,5866350,0.961538434028625
"1153",22739,4,5,"FI",3,3588350,5866200,0.777777791023254
"1154",22740,2,5,"FI",3,3592200,5866350,0.90625
"1155",22740,3,5,"FI",3,3592350,5866350,0.857142865657806
"1156",22740,4,8,"KI",3,3592350,5866200,0.888888895511627
"1157",22747,3,2,"EI",3,3618080.837,5867069.342,0.821428596973419
"1158",22748,4,8,"KI",3,3622083.992,5867086.54,1
"1159",22750,2,8,"KI",3,3629921.852,5867564.341,0.850000023841858
"1160",22754,1,8,"KI",3,3645917.089,5868082.869,0.833333313465118
"1161",22756,1,8,"KI",3,3653912.048,5868417.112,1
"1162",22756,2,8,"KI",3,3653905.781,5868567.021,0.949999988079071
"1163",22756,4,8,"KI",3,3654061.956,5868423.379,0.852941155433655
"1164",22757,4,8,"KI",3,3658059.557,5868590.51,1
"1165",22758,2,2,"EI",3,3661901.055,5868901.293,0.777777791023254
"1166",22758,3,2,"EI",3,3662050.97,5868907.561,0.857142865657806
"1167",22758,4,2,"EI",3,3662057.238,5868757.646,0.923076927661896
"1168",22764,1,8,"KI",3,3402200,5868200,1
"1169",22764,2,8,"KI",3,3402200,5868350,1
"1170",22764,4,8,"KI",3,3402350,5868200,0.863636374473572
"1171",22766,1,8,"KI",3,3410200,5868200,1
"1172",22766,2,9,"LAE",3,3410200,5868350,1
"1173",22766,4,9,"LAE",3,3410350,5868200,0.800000011920929
"1174",22768,4,8,"KI",3,3418350,5868200,0.766666650772095
"1175",22770,1,8,"KI",3,3426200,5868200,1
"1176",22770,2,8,"KI",3,3426200,5868350,0.970588207244873
"1177",22770,3,8,"KI",3,3426350,5868350,0.928571403026581
"1178",22770,4,8,"KI",3,3426350,5868200,0.965517222881317
"1179",22771,1,7,"DGL",3,3430200,5868200,1
"1180",22778,4,2,"EI",3,3458350,5868200,0.944444417953491
"1181",22782,2,2,"EI",3,3474200,5868350,0.759999990463257
"1182",22784,2,8,"KI",3,3482200,5868350,0.92592591047287
"1183",22784,3,8,"KI",3,3482350,5868350,0.95652174949646
"1184",22794,4,9,"LAE",3,3522350,5868200,1
"1185",22797,4,8,"KI",3,3534350,5868200,0.857142865657806
"1186",22800,2,8,"KI",3,3386632.643,5870876.049,0.833333313465118
"1187",22804,3,9,"LAE",3,3400350,5870350,0.823529422283173
"1188",22804,4,8,"KI",3,3400350,5870200,0.800000011920929
"1189",22811,1,8,"KI",3,3428200,5870200,0.969696998596191
"1190",22811,2,8,"KI",3,3428200,5870350,1
"1191",22811,4,9,"LAE",3,3428350,5870200,1
"1192",22822,2,8,"KI",3,3472200,5870350,1
"1193",22822,3,8,"KI",3,3472350,5870350,1
"1194",22822,4,8,"KI",3,3472350,5870200,1
"1195",22823,1,8,"KI",3,3476200,5870200,1
"1196",22823,2,8,"KI",3,3476200,5870350,1
"1197",22823,3,8,"KI",3,3476350,5870350,0.954545438289642
"1198",22823,4,8,"KI",3,3476350,5870200,1
"1199",22834,3,5,"FI",3,3520350,5870350,0.875
"1200",22835,3,9,"LAE",3,3524350,5870350,1
"1201",22835,4,8,"KI",3,3524350,5870200,0.904761910438538
"1202",22839,3,5,"FI",3,3540350,5870350,0.826086938381195
"1203",22840,3,5,"FI",3,3544350,5870350,0.833333313465118
"1204",22844,3,8,"KI",3,3560350,5870350,0.916666686534882
"1205",22845,1,5,"FI",3,3564200,5870200,0.791666686534882
"1206",22846,2,8,"KI",3,3568200,5870350,1
"1207",22846,3,8,"KI",3,3568350,5870350,1
"1208",22847,1,8,"KI",3,3572200,5870200,1
"1209",22847,2,8,"KI",3,3572200,5870350,1
"1210",22847,3,8,"KI",3,3572350,5870350,1
"1211",22847,4,8,"KI",3,3572350,5870200,1
"1212",22849,1,2,"EI",3,3580200,5870200,0.888888895511627
"1213",22849,2,2,"EI",3,3580200,5870350,1
"1214",22849,3,2,"EI",3,3580350,5870350,1
"1215",22850,1,2,"EI",3,3584200,5870200,0.761904776096344
"1216",22850,4,8,"KI",3,3584350,5870200,0.949999988079071
"1217",22851,3,2,"EI",3,3588350,5870350,1
"1218",22861,1,8,"KI",3,3625763.946,5871244.363,1
"1219",22861,2,8,"KI",3,3625757.677,5871394.25,1
"1220",22861,3,8,"KI",3,3625907.565,5871400.519,0.842105269432068
"1221",22861,4,8,"KI",3,3625913.833,5871250.631,0.800000011920929
"1222",22862,1,8,"KI",3,3629760.986,5871411.533,0.947368443012238
"1223",22862,2,8,"KI",3,3629754.716,5871561.423,0.882352948188782
"1224",22862,3,8,"KI",3,3629904.607,5871567.692,0.777777791023254
"1225",22867,4,8,"KI",3,3649897.273,5872253.734,1
"1226",22868,1,8,"KI",3,3653744.881,5872414.668,1
"1227",22868,4,8,"KI",3,3653894.789,5872420.938,1
"1228",22870,3,8,"KI",3,3661883.788,5872905.277,0.842105269432068
"1229",22870,4,8,"KI",3,3661890.059,5872755.363,0.89473682641983
"1230",22871,3,8,"KI",3,3665881.541,5873072.502,1
"1231",22889,4,1,"BU",3,3450350,5872200,1
"1232",22895,2,2,"EI",3,3474200,5872350,0.885714292526245
"1233",22906,3,2,"EI",3,3518350,5872350,0.904761910438538
"1234",22907,1,8,"KI",3,3522200,5872200,0.769230782985687
"1235",22907,4,8,"KI",3,3522350,5872200,1
"1236",22926,1,2,"EI",3,3440200,5874200,0.969696998596191
"1237",22928,4,7,"DGL",3,3448350,5874200,0.888888895511627
"1238",22932,4,2,"EI",3,3464350,5874200,0.769230782985687
"1239",22945,1,8,"KI",3,3516200,5874200,1
"1240",22950,4,2,"EI",3,3536350,5874200,0.888888895511627
"1241",22953,2,8,"KI",3,3548200,5874350,1
"1242",22953,4,5,"FI",3,3548350,5874200,0.914285719394684
"1243",22954,1,8,"KI",3,3552200,5874200,1
"1244",22954,4,8,"KI",3,3552350,5874200,0.833333313465118
"1245",22956,2,2,"EI",3,3560200,5874350,0.809523820877075
"1246",22957,3,9,"LAE",3,3564350,5874350,0.91304349899292
"1247",22958,1,5,"FI",3,3568200,5874200,0.974358975887299
"1248",22958,3,5,"FI",3,3568350,5874350,0.863636374473572
"1249",22958,4,8,"KI",3,3568350,5874200,0.967741906642914
"1250",22960,2,8,"KI",3,3576200,5874350,0.884615361690521
"1251",22961,1,8,"KI",3,3580200,5874200,0.884615361690521
"1252",22961,4,8,"KI",3,3580350,5874200,0.911764681339264
"1253",22963,3,8,"KI",3,3588350,5874350,0.826086938381195
"1254",22963,4,8,"KI",3,3588350,5874200,1
"1255",22973,1,8,"KI",3,3625596.739,5875241.36,0.95652174949646
"1256",22973,3,8,"KI",3,3625740.355,5875397.519,0.888888895511627
"1257",22973,4,5,"FI",3,3625746.627,5875247.632,1
"1258",22975,1,2,"EI",3,3633590.887,5875575.863,0.870967745780945
"1259",22976,2,5,"FI",3,3637581.806,5875893.019,0.896551728248596
"1260",22977,2,8,"KI",3,3641579.077,5876060.287,0.949999988079071
"1261",22980,1,8,"KI",3,3653577.635,5876412.218,1
"1262",22980,2,8,"KI",3,3653571.362,5876562.126,1
"1263",22980,3,8,"KI",3,3653721.27,5876568.399,1
"1264",22980,4,8,"KI",3,3653727.543,5876418.491,1
"1265",22982,1,8,"KI",3,3661572.887,5876746.8,1
"1266",22982,3,8,"KI",3,3661716.527,5876902.988,1
"1267",22982,4,8,"KI",3,3661722.801,5876753.074,1
"1268",22983,1,8,"KI",3,3665570.631,5876914.1,1
"1269",22983,2,8,"KI",3,3665564.357,5877064.017,1
"1270",22983,3,8,"KI",3,3665714.274,5877070.291,1
"1271",22983,4,8,"KI",3,3665720.548,5876920.374,1
"1272",22986,4,9,"LAE",3,3389025.43,5876631.391,1
"1273",23001,3,2,"EI",3,3450350,5876350,0.787878811359406
"1274",23008,2,2,"EI",3,3478200,5876350,0.928571403026581
"1275",23016,4,8,"KI",3,3514350,5876200,0.879999995231628
"1276",23017,1,1,"BU",3,3518200,5876200,0.909090936183929
"1277",23017,2,1,"BU",3,3518200,5876350,0.8125
"1278",23017,4,1,"BU",3,3518350,5876200,0.904761910438538
"1279",23018,1,8,"KI",3,3522200,5876200,1
"1280",23040,1,8,"KI",3,3452200,5878200,1
"1281",23040,3,7,"DGL",3,3452350,5878350,0.916666686534882
"1282",23057,3,8,"KI",3,3520350,5878350,1
"1283",23057,4,5,"FI",3,3520350,5878200,0.952380955219269
"1284",23059,1,8,"KI",3,3528200,5878200,1
"1285",23059,2,8,"KI",3,3528200,5878350,0.888888895511627
"1286",23059,3,8,"KI",3,3528350,5878350,1
"1287",23059,4,8,"KI",3,3528350,5878200,0.833333313465118
"1288",23061,1,8,"KI",3,3536200,5878200,1
"1289",23061,4,8,"KI",3,3536350,5878200,0.806451618671417
"1290",23064,2,8,"KI",3,3548200,5878350,0.809523820877075
"1291",23064,3,8,"KI",3,3548350,5878350,0.818181812763214
"1292",23069,1,8,"KI",3,3568200,5878200,1
"1293",23069,2,8,"KI",3,3568200,5878350,1
"1294",23069,3,8,"KI",3,3568350,5878350,1
"1295",23069,4,8,"KI",3,3568350,5878200,0.944444417953491
"1296",23078,2,8,"KI",3,3601442.663,5878384.366,0.772727251052856
"1297",23080,1,8,"KI",3,3609442.127,5878569.095,1
"1298",23080,4,8,"KI",3,3609592.002,5878575.369,0.842105269432068
"1299",23083,4,2,"EI",3,3621582.388,5879077.304,0.866666674613953
"1300",23084,4,8,"KI",3,3625579.341,5879244.627,0.928571403026581
"1301",23085,1,8,"KI",3,3629426.483,5879405.68,1
"1302",23085,4,8,"KI",3,3629576.373,5879411.955,1
"1303",23086,3,8,"KI",3,3633567.208,5879729.181,1
"1304",23089,1,8,"KI",3,3645415.386,5880075.045,1
"1305",23089,2,8,"KI",3,3645409.11,5880224.947,0.777777791023254
"1306",23092,1,8,"KI",3,3657407.891,5880577.129,1
"1307",23092,2,8,"KI",3,3657401.615,5880727.039,1
"1308",23092,3,8,"KI",3,3657551.525,5880733.316,1
"1309",23092,4,8,"KI",3,3657557.802,5880583.405,1
"1310",23093,1,8,"KI",3,3661405.55,5880744.502,1
"1311",23093,2,8,"KI",3,3661399.274,5880894.415,1
"1312",23093,3,8,"KI",3,3661549.188,5880900.692,0.809523820877075
"1313",23094,1,2,"EI",3,3665403.289,5880911.88,1
"1314",23098,2,2,"EI",3,3385052.393,5880951.596,0.9375
"1315",23112,1,2,"EI",3,3442200,5880200,0.791666686534882
"1316",23116,1,8,"KI",3,3458200,5880200,0.75862067937851
"1317",23116,2,8,"KI",3,3458200,5880350,0.971428573131561
"1318",23116,3,8,"KI",3,3458350,5880350,0.972222208976746
"1319",23122,4,2,"EI",3,3498350,5880200,0.916666686534882
"1320",23126,2,8,"KI",3,3514200,5880350,0.89473682641983
"1321",23126,3,8,"KI",3,3514350,5880350,0.869565188884735
"1322",23128,2,8,"KI",3,3522200,5880350,1
"1323",23128,3,8,"KI",3,3522350,5880350,0.928571403026581
"1324",23129,2,8,"KI",3,3526200,5880350,0.916666686534882
"1325",23129,3,8,"KI",3,3526350,5880350,0.869565188884735
"1326",23129,4,8,"KI",3,3526350,5880200,1
"1327",23150,1,8,"KI",3,3448200,5882200,0.842105269432068
"1328",23150,3,8,"KI",3,3448350,5882350,1
"1329",23150,4,8,"KI",3,3448350,5882200,1
"1330",23164,2,2,"EI",3,3504200,5882350,1
"1331",23168,2,5,"FI",3,3520200,5882350,0.958333313465118
"1332",23172,3,5,"FI",3,3536350,5882350,0.882352948188782
"1333",23172,4,5,"FI",3,3536350,5882200,0.857142865657806
"1334",23175,3,2,"EI",3,3548350,5882350,0.809027777777778
"1335",23176,2,8,"KI",3,3552200,5882350,0.863636374473572
"1336",23177,4,8,"KI",3,3556350,5882200,0.814814805984497
"1337",23178,2,8,"KI",3,3560200,5882350,0.9375
"1338",23179,1,8,"KI",3,3564200,5882200,0.777777791023254
"1339",23179,3,8,"KI",3,3564350,5882350,0.785714268684387
"1340",23179,4,2,"EI",3,3564350,5882200,0.764705896377563
"1341",23180,1,8,"KI",3,3568200,5882200,1
"1342",23180,2,8,"KI",3,3568200,5882350,1
"1343",23180,3,8,"KI",3,3568350,5882350,1
"1344",23181,2,9,"LAE",3,3572200,5882350,1
"1345",23181,3,5,"FI",3,3572350,5882350,0.759999990463257
"1346",23181,4,8,"KI",3,3572350,5882200,0.785714268684387
"1347",23182,3,8,"KI",3,3576350,5882350,1
"1348",23183,1,5,"FI",3,3580200,5882200,0.958333313465118
"1349",23183,2,8,"KI",3,3580200,5882350,0.909090936183929
"1350",23183,3,2,"EI",3,3580350,5882350,0.899999976158142
"1351",23183,4,5,"FI",3,3580350,5882200,1
"1352",23187,3,2,"EI",3,3596350,5882350,0.899999976158142
"1353",23190,3,5,"FI",3,3605421.75,5882554.535,1
"1354",23192,1,2,"EI",3,3613271.492,5882733.152,0.959999978542328
"1355",23193,1,8,"KI",3,3617268.279,5882900.542,1
"1356",23193,2,8,"KI",3,3617262.002,5883050.423,1
"1357",23193,3,8,"KI",3,3617411.883,5883056.701,1
"1358",23193,4,8,"KI",3,3617418.16,5882906.819,0.958333313465118
"1359",23197,1,8,"KI",3,3633256.215,5883570.157,1
"1360",23197,3,8,"KI",3,3633399.83,5883726.328,0.947368443012238
"1361",23197,4,8,"KI",3,3633406.108,5883576.435,0.949999988079071
"1362",23198,2,8,"KI",3,3637247.118,5883887.47,1
"1363",23223,3,8,"KI",3,3454350,5884350,0.809523820877075
"1364",23233,1,8,"KI",3,3514200,5884200,1
"1365",23234,1,8,"KI",3,3518200,5884200,0.896551728248596
"1366",23235,1,2,"EI",3,3522200,5884200,1
"1367",23235,2,8,"KI",3,3522200,5884350,1
"1368",23277,1,8,"KI",3,3524200,5886200,1
"1369",23280,2,8,"KI",3,3536200,5886350,0.962962985038757
"1370",23286,1,2,"EI",3,3560200,5886200,1
"1371",23288,1,8,"KI",3,3568200,5886200,1
"1372",23288,3,8,"KI",3,3568350,5886350,1
"1373",23290,1,8,"KI",3,3576200,5886200,1
"1374",23290,2,8,"KI",3,3576200,5886350,0.916666686534882
"1375",23290,3,8,"KI",3,3576350,5886350,1
"1376",23290,4,8,"KI",3,3576350,5886200,1
"1377",23293,1,8,"KI",3,3588200,5886200,0.777777791023254
"1378",23293,2,8,"KI",3,3588200,5886350,1
"1379",23293,3,8,"KI",3,3588350,5886350,0.954545438289642
"1380",23293,4,8,"KI",3,3588350,5886200,0.818181812763214
"1381",23294,1,1,"BU",3,3592200,5886200,0.888888895511627
"1382",23294,2,5,"FI",3,3592200,5886350,0.839999973773956
"1383",23297,1,8,"KI",3,3605110.737,5886394.974,1
"1384",23297,2,8,"KI",3,3605104.457,5886544.846,0.800000011920929
"1385",23297,4,8,"KI",3,3605260.609,5886401.253,1
"1386",23300,1,8,"KI",3,3617100.847,5886897.366,1
"1387",23300,2,8,"KI",3,3617094.566,5887047.247,1
"1388",23300,3,8,"KI",3,3617244.447,5887053.527,1
"1389",23300,4,8,"KI",3,3617250.727,5886903.646,1
"1390",23301,1,2,"EI",3,3621097.707,5887064.841,1
"1391",23301,2,8,"KI",3,3621091.427,5887214.724,0.888888895511627
"1392",23301,4,8,"KI",3,3621247.591,5887071.121,0.961538434028625
"1393",23302,2,8,"KI",3,3625088.366,5887382.207,0.793103456497192
"1394",23303,3,8,"KI",3,3629235.273,5887555.976,0.800000011920929
"1395",23304,3,2,"EI",3,3633232.373,5887723.47,0.787878811359406
"1396",23308,1,8,"KI",3,3649077.935,5888237.314,1
"1397",23308,2,8,"KI",3,3649071.653,5888387.218,1
"1398",23308,3,8,"KI",3,3649221.557,5888393.5,1
"1399",23308,4,8,"KI",3,3649227.839,5888243.595,1
"1400",23336,1,5,"FI",3,3514200,5888200,0.95652174949646
"1401",23380,2,2,"EI",3,3520200,5890350,1
"1402",23381,3,7,"DGL",3,3524350,5890350,0.869565188884735
"1403",23387,3,8,"KI",3,3548350,5890350,0.857142865657806
"1404",23389,1,2,"EI",3,3556200,5890200,0.862068951129913
"1405",23389,2,8,"KI",3,3556200,5890350,0.800000011920929
"1406",23390,2,2,"EI",3,3560200,5890350,1
"1407",23391,1,8,"KI",3,3564200,5890200,1
"1408",23391,3,9,"LAE",3,3564350,5890350,0.8125
"1409",23391,4,9,"LAE",3,3564350,5890200,1
"1410",23393,1,8,"KI",3,3572200,5890200,1
"1411",23393,2,8,"KI",3,3572200,5890350,0.785714268684387
"1412",23393,3,8,"KI",3,3572350,5890350,1
"1413",23396,1,1,"BU",3,3584200,5890200,0.857142865657806
"1414",23398,3,1,"BU",3,3592350,5890350,0.928571403026581
"1415",23405,1,8,"KI",3,3620930.191,5891061.738,1
"1416",23405,2,8,"KI",3,3620923.907,5891211.621,0.909090936183929
"1417",23406,2,8,"KI",3,3624920.841,5891379.183,0.814814805984497
"1418",23406,3,8,"KI",3,3625070.728,5891385.466,0.920000016689301
"1419",23407,1,8,"KI",3,3628924.137,5891396.86,1
"1420",23407,3,8,"KI",3,3629067.743,5891553.033,0.9375
"1421",23407,4,8,"KI",3,3629074.027,5891403.144,0.947368443012238
"1422",23408,1,8,"KI",3,3632921.229,5891564.429,1
"1423",23408,4,8,"KI",3,3633071.121,5891570.713,1
"1424",23423,4,7,"DGL",3,3422350,5892200,1
"1425",23428,1,5,"FI",3,3442200,5892200,0.909090936183929
"1426",23442,2,8,"KI",3,3510200,5892350,0.882352948188782
"1427",23449,1,2,"EI",3,3538200,5892200,0.933333337306976
"1428",23449,2,8,"KI",3,3538200,5892350,0.852941155433655
"1429",23485,1,9,"LAE",3,3512200,5894200,0.777777791023254
"1430",23485,4,9,"LAE",3,3512350,5894200,0.833333313465118
"1431",23494,1,8,"KI",3,3548200,5894200,1
"1432",23497,3,2,"EI",3,3560350,5894350,1
"1433",23497,4,2,"EI",3,3560350,5894200,1
"1434",23498,1,1,"BU",3,3564200,5894200,0.899999976158142
"1435",23498,2,1,"BU",3,3564200,5894350,0.800000011920929
"1436",23499,1,8,"KI",3,3568200,5894200,1
"1437",23500,3,8,"KI",3,3572350,5894350,1
"1438",23500,4,9,"LAE",3,3572350,5894200,0.826086938381195
"1439",23501,4,8,"KI",3,3576350,5894200,1
"1440",23503,2,8,"KI",3,3584200,5894350,0.95652174949646
"1441",23503,3,8,"KI",3,3584350,5894350,1
"1442",23503,4,8,"KI",3,3584350,5894200,1
"1443",23504,1,8,"KI",3,3588200,5894200,1
"1444",23504,3,8,"KI",3,3588350,5894350,0.850000023841858
"1445",23504,4,8,"KI",3,3588350,5894200,1
"1446",23507,2,5,"FI",3,3600473.109,5894357.821,0.962962985038757
"1447",23507,3,8,"KI",3,3600622.977,5894364.106,1
"1448",23508,1,1,"BU",3,3604775.667,5894388.134,0.777777791023254
"1449",23508,4,1,"BU",3,3604925.538,5894394.42,1
"1450",23513,2,8,"KI",3,3624753.238,5895376.153,0.928571403026581
"1451",23514,1,8,"KI",3,3628756.532,5895393.909,0.764705896377563
"1452",23515,2,8,"KI",3,3632747.33,5895711.449,1
"1453",23556,1,8,"KI",3,3546200,5896200,1
"1454",23556,2,8,"KI",3,3546200,5896350,0.791666686534882
"1455",23556,3,8,"KI",3,3546350,5896350,0.916666686534882
"1456",23556,4,8,"KI",3,3546350,5896200,1
"1457",23570,1,2,"EI",3,3428200,5898200,0.91304349899292
"1458",23592,2,8,"KI",3,3516200,5898350,1
"1459",23598,3,8,"KI",3,3540350,5898350,0.899999976158142
"1460",23601,2,2,"EI",3,3552200,5898350,0.772727251052856
"1461",23601,4,2,"EI",3,3552350,5898200,1
"1462",23602,1,8,"KI",3,3556200,5898200,1
"1463",23602,2,8,"KI",3,3556200,5898350,1
"1464",23603,2,9,"LAE",3,3560200,5898350,0.842105269432068
"1465",23604,3,8,"KI",3,3564350,5898350,0.875
"1466",23609,2,2,"EI",3,3584200,5898350,0.888888895511627
"1467",23609,3,2,"EI",3,3584350,5898350,0.785714268684387
"1468",23610,3,8,"KI",3,3588350,5898350,1
"1469",23613,3,8,"KI",3,3600755.063,5898373.174,1
"1470",23613,4,8,"KI",3,3600761.351,5898223.305,1
"1471",23619,2,8,"KI",3,3624585.556,5899373.118,1
"1472",23620,1,8,"KI",3,3628588.847,5899390.953,1
"1473",23620,2,8,"KI",3,3628582.558,5899540.842,1
"1474",23646,1,5,"FI",3,3482200,5900200,0.759999990463257
"1475",23650,2,5,"FI",3,3498200,5900350,0.759999990463257
"1476",23652,3,1,"BU",3,3506350,5900350,0.857142865657806
"1477",23652,4,1,"BU",3,3506350,5900200,1
"1478",23677,4,9,"LAE",3,3432350,5902200,0.95652174949646
"1479",23688,2,8,"KI",3,3476200,5902350,1
"1480",23688,3,8,"KI",3,3476350,5902350,0.904761910438538
"1481",23688,4,7,"DGL",3,3476350,5902200,0.761904776096344
"1482",23689,3,8,"KI",3,3480350,5902350,0.823529422283173
"1483",23697,2,5,"FI",3,3512200,5902350,0.821428596973419
"1484",23697,4,8,"KI",3,3512350,5902200,0.823529422283173
"1485",23709,2,5,"FI",3,3560200,5902350,0.823529422283173
"1486",23711,3,8,"KI",3,3568350,5902350,0.846153855323792
"1487",23712,1,9,"LAE",3,3572200,5902200,0.846153855323792
"1488",23712,2,5,"FI",3,3572200,5902350,1
"1489",23712,3,5,"FI",3,3572350,5902350,0.939393937587738
"1490",23713,2,8,"KI",3,3576200,5902350,1
"1491",23713,3,8,"KI",3,3576350,5902350,1
"1492",23714,1,8,"KI",3,3580200,5902200,0.959999978542328
"1493",23714,4,8,"KI",3,3580350,5902200,0.821428596973419
"1494",23721,1,8,"KI",3,3608436.887,5902549.047,1
"1495",23721,3,8,"KI",3,3608580.469,5902705.213,1
"1496",23722,1,5,"FI",3,3612433.569,5902716.826,1
"1497",23722,2,8,"KI",3,3612427.277,5902866.703,0.949999988079071
"1498",23722,3,8,"KI",3,3612577.155,5902872.995,1
"1499",23723,1,8,"KI",3,3616430.33,5902884.609,0.897435903549194
"1500",23723,2,8,"KI",3,3616424.038,5903034.489,1
"1501",23723,3,8,"KI",3,3616573.918,5903040.781,1
"1502",23723,4,8,"KI",3,3616580.21,5902890.901,1
"1503",23724,1,8,"KI",3,3620427.17,5903052.398,0.933333337306976
"1504",23724,2,8,"KI",3,3620420.878,5903202.281,1
"1505",23724,3,8,"KI",3,3620570.761,5903208.573,0.837837815284729
"1506",23724,4,8,"KI",3,3620577.053,5903058.69,0.789473712444305
"1507",23751,2,8,"KI",3,3482200,5904350,0.888888895511627
"1508",23751,3,8,"KI",3,3482350,5904350,1
"1509",23751,4,8,"KI",3,3482350,5904200,0.9375
"1510",23758,4,8,"KI",3,3510350,5904200,1
"1511",23795,3,8,"KI",3,3488350,5906350,1
"1512",23800,4,9,"LAE",3,3508350,5906200,1
"1513",23805,3,8,"KI",3,3528350,5906350,0.800000011920929
"1514",23807,1,8,"KI",3,3536200,5906200,0.869565188884735
"1515",23811,1,8,"KI",3,3552200,5906200,0.785714268684387
"1516",23811,2,8,"KI",3,3552200,5906350,0.875
"1517",23811,4,8,"KI",3,3552350,5906200,0.850000023841858
"1518",23815,1,8,"KI",3,3568200,5906200,1
"1519",23815,2,8,"KI",3,3568200,5906350,1
"1520",23815,4,8,"KI",3,3568350,5906200,1
"1521",23819,1,8,"KI",3,3584200,5906200,0.928571403026581
"1522",23819,2,8,"KI",3,3584200,5906350,1
"1523",23819,3,8,"KI",3,3584350,5906350,1
"1524",23826,2,5,"FI",3,3612259.454,5906863.422,1
"1525",23840,3,2,"EI",3,3430350,5908350,0.954545438289642
"1526",23848,1,5,"FI",3,3462200,5908200,0.965517222881317
"1527",23853,3,8,"KI",3,3482350,5908350,1
"1528",23861,4,8,"KI",3,3514350,5908200,0.857142865657806
"1529",23907,1,2,"EI",3,3536200,5910200,0.801587304100394
"1530",23910,3,8,"KI",3,3548350,5910350,0.828571438789368
"1531",23910,4,8,"KI",3,3548350,5910200,0.818181812763214
"1532",23913,3,8,"KI",3,3560350,5910350,1
"1533",23913,4,8,"KI",3,3560350,5910200,1
"1534",23915,2,5,"FI",3,3568200,5910350,0.814814805984497
"1535",23919,2,8,"KI",3,3584200,5910350,0.944444417953491
"1536",23919,3,8,"KI",3,3584350,5910350,1
"1537",23919,4,8,"KI",3,3584350,5910200,0.882352948188782
"1538",23924,4,5,"FI",3,3604254.455,5910380.692,1
"1539",23935,2,8,"KI",3,3414200,5912350,0.916666686534882
"1540",23941,3,8,"KI",3,3438350,5912350,0.888888895511627
"1541",23953,1,1,"BU",3,3486200,5912200,0.807692289352417
"1542",23953,2,5,"FI",3,3486200,5912350,0.920000016689301
"1543",23953,4,9,"LAE",3,3486350,5912200,0.833333313465118
"1544",23961,2,8,"KI",3,3518200,5912350,0.785714268684387
"1545",24013,3,8,"KI",3,3544350,5914350,0.944444417953491
"1546",24016,2,5,"FI",3,3556200,5914350,1
"1547",24016,3,5,"FI",3,3556350,5914350,1
"1548",24020,4,8,"KI",3,3572350,5914200,1
"1549",24058,2,5,"FI",3,3478200,5916350,0.833333313465118
"1550",24058,4,5,"FI",3,3478350,5916200,1
"1551",24064,1,5,"FI",3,3502200,5916200,0.800000011920929
"1552",24064,2,5,"FI",3,3502200,5916350,0.833333313465118
"1553",24073,1,5,"FI",3,3538200,5916200,0.875
"1554",24111,1,7,"DGL",3,3500200,5918200,0.884615361690521
"1555",24114,1,8,"KI",3,3512200,5918200,0.888888895511627
"1556",24114,3,8,"KI",3,3512350,5918350,1
"1557",24122,3,5,"FI",3,3544350,5918350,0.909090936183929
"1558",24123,1,8,"KI",3,3548200,5918200,0.949999988079071
"1559",24125,2,5,"FI",3,3556200,5918350,1
"1560",24168,1,1,"BU",3,3482200,5920200,1
"1561",24170,4,5,"FI",3,3490350,5920200,0.866666674613953
"1562",24181,3,8,"KI",3,3534350,5920350,0.789473712444305
"1563",24184,2,5,"FI",3,3546200,5920350,1
"1564",24206,3,9,"LAE",3,3420350,5922350,0.759999990463257
"1565",24206,4,5,"FI",3,3420350,5922200,1
"1566",24224,3,2,"EI",3,3500350,5922350,0.875
"1567",24236,3,8,"KI",3,3548350,5922350,0.909090936183929
"1568",24238,4,8,"KI",3,3556350,5922200,0.789473712444305
"1569",24290,4,5,"FI",3,3514350,5924200,0.766666650772095
"1570",24337,2,7,"DGL",3,3488200,5926350,0.899999976158142
"1571",24338,1,5,"FI",3,3492200,5926200,0.846153850582513
"1572",24339,1,5,"FI",3,3496200,5926200,0.958333313465118
"1573",24339,2,5,"FI",3,3496200,5926350,1
"1574",24339,4,5,"FI",3,3496350,5926200,0.888888895511627
"1575",24340,1,1,"BU",3,3500200,5926200,0.761904776096344
"1576",24340,4,1,"BU",3,3500350,5926200,0.939393937587738
"1577",24341,2,9,"LAE",3,3504200,5926350,1
"1578",24351,2,9,"LAE",3,3544200,5926350,0.899999976158142
"1579",24444,1,8,"KI",3,3412200,5930200,0.899999976158142
"1580",24444,4,8,"KI",3,3412350,5930200,0.821428596973419
"1581",24446,4,8,"KI",3,3420350,5930200,1
"1582",24461,1,5,"FI",3,3496200,5930200,1
"1583",24461,4,5,"FI",3,3496350,5930200,0.95652174949646
"1584",24462,3,2,"EI",3,3500350,5930350,1
"1585",24463,1,5,"FI",3,3504200,5930200,1
"1586",24464,2,8,"KI",3,3508200,5930350,0.833333313465118
"1587",24507,2,8,"KI",3,3395227.896,5932572.586,0.962962985038757
"1588",24510,2,5,"FI",3,3406200,5932350,0.809523820877075
"1589",24512,4,9,"LAE",3,3414350,5932200,0.863636374473572
"1590",24564,2,5,"FI",3,3385320.453,5934991.883,1
"1591",24575,1,1,"BU",3,3428200,5934200,0.800000011920929
"1592",24575,4,9,"LAE",3,3428350,5934200,1
"1593",24707,2,2,"EI",3,3416200,5938350,0.764705896377563
"1594",24791,3,1,"BU",3,3486350,5940350,0.857142865657806
"1595",24791,4,5,"FI",3,3486350,5940200,0.928571403026581
"1596",24792,3,1,"BU",3,3490350,5940350,1
"1597",24794,1,8,"KI",3,3498200,5940200,1
"1598",24861,3,7,"DGL",3,3504350,5942350,0.842105269432068
"1599",24932,3,5,"FI",3,3494350,5944350,0.851851880550385
"1600",24936,3,5,"FI",3,3510350,5944350,0.878787875175476
"1601",25076,3,7,"DGL",3,3506350,5948350,1
"1602",25076,4,7,"DGL",3,3506350,5948200,0.866666674613953
"1603",25210,2,5,"FI",3,3478200,5952350,0.916666686534882
"1604",25210,3,5,"FI",3,3478350,5952350,0.947368443012238
"1605",25280,3,5,"FI",3,3504350,5954350,0.954545438289642
"1606",25581,1,8,"KI",3,3474200,5964200,1
"1607",25581,2,8,"KI",3,3474200,5964350,0.764705896377563
"1608",35881,2,2,"EI",3,3632244.017,5907702.799,0.791666686534882
"1609",36111,1,8,"KI",3,3632418.159,5903555.796,1
"1610",36111,2,8,"KI",3,3632411.867,5903705.688,1
"1611",36111,3,8,"KI",3,3632561.758,5903711.981,1
"1612",36111,4,8,"KI",3,3632568.051,5903562.089,1
"1613",36112,4,2,"EI",3,3636565.207,5903729.899,0.833333313465118
"1614",36339,1,8,"KI",3,3636583.086,5899726.411,1
"1615",36339,2,8,"KI",3,3636576.796,5899876.306,1
"1616",36339,3,8,"KI",3,3636726.691,5899882.596,1
"1617",36339,4,8,"KI",3,3636732.981,5899732.701,1
